Parent Record Key,Parent URL,Parent Device Name,Reporting Key,Child Name,Child Key,Child Key URL,isReportingKey
"QTVXD5s1ybzX2gBf2G95Mu","https://gosqas.org/record/QTVXD5s1ybzX2gBf2G95Mu","DMDM TQ1 lot 3","9RYmhyEwYZwL5vyUNWPA2Q","DMDM TQ1 lot 3 #1","9RYmhyEwYZwL5vyUNWPA2Q","https://gosqas.org/history/9RYmhyEwYZwL5vyUNWPA2Q","T"
"QTVXD5s1ybzX2gBf2G95Mu","https://gosqas.org/record/QTVXD5s1ybzX2gBf2G95Mu","DMDM TQ1 lot 3","9RYmhyEwYZwL5vyUNWPA2Q","DMDM TQ1 lot 3 #2","Ns9ZAYp83nfAk3XGvvDkEd","https://gosqas.org/history/Ns9ZAYp83nfAk3XGvvDkEd","F"
"QTVXD5s1ybzX2gBf2G95Mu","https://gosqas.org/record/QTVXD5s1ybzX2gBf2G95Mu","DMDM TQ1 lot 3","9RYmhyEwYZwL5vyUNWPA2Q","DMDM TQ1 lot 3 #3","V8HihaVDXNbKgBSMrZuQP3","https://gosqas.org/history/V8HihaVDXNbKgBSMrZuQP3","F"
"QTVXD5s1ybzX2gBf2G95Mu","https://gosqas.org/record/QTVXD5s1ybzX2gBf2G95Mu","DMDM TQ1 lot 3","9RYmhyEwYZwL5vyUNWPA2Q","DMDM TQ1 lot 3 #4","JoSmHHr575HyfLJgjxvpy6","https://gosqas.org/history/JoSmHHr575HyfLJgjxvpy6","F"
"QTVXD5s1ybzX2gBf2G95Mu","https://gosqas.org/record/QTVXD5s1ybzX2gBf2G95Mu","DMDM TQ1 lot 3","9RYmhyEwYZwL5vyUNWPA2Q","DMDM TQ1 lot 3 #5","CYYeAWtsCbrJjXQrE37SPU","https://gosqas.org/history/CYYeAWtsCbrJjXQrE37SPU","F"
"QTVXD5s1ybzX2gBf2G95Mu","https://gosqas.org/record/QTVXD5s1ybzX2gBf2G95Mu","DMDM TQ1 lot 3","9RYmhyEwYZwL5vyUNWPA2Q","DMDM TQ1 lot 3 #6","UvYCx69kJ3GnXsTwviB3Sj","https://gosqas.org/history/UvYCx69kJ3GnXsTwviB3Sj","F"
"QTVXD5s1ybzX2gBf2G95Mu","https://gosqas.org/record/QTVXD5s1ybzX2gBf2G95Mu","DMDM TQ1 lot 3","9RYmhyEwYZwL5vyUNWPA2Q","DMDM TQ1 lot 3 #7","VmfncFrMiPAvKCdLpHFF4T","https://gosqas.org/history/VmfncFrMiPAvKCdLpHFF4T","F"
"QTVXD5s1ybzX2gBf2G95Mu","https://gosqas.org/record/QTVXD5s1ybzX2gBf2G95Mu","DMDM TQ1 lot 3","9RYmhyEwYZwL5vyUNWPA2Q","DMDM TQ1 lot 3 #8","5GBdUu8VELZ5nPg4ShP4oG","https://gosqas.org/history/5GBdUu8VELZ5nPg4ShP4oG","F"
"QTVXD5s1ybzX2gBf2G95Mu","https://gosqas.org/record/QTVXD5s1ybzX2gBf2G95Mu","DMDM TQ1 lot 3","9RYmhyEwYZwL5vyUNWPA2Q","DMDM TQ1 lot 3 #9","UXg2jG4Zs8TUYXD7HH9DSP","https://gosqas.org/history/UXg2jG4Zs8TUYXD7HH9DSP","F"
"QTVXD5s1ybzX2gBf2G95Mu","https://gosqas.org/record/QTVXD5s1ybzX2gBf2G95Mu","DMDM TQ1 lot 3","9RYmhyEwYZwL5vyUNWPA2Q","DMDM TQ1 lot 3 #10","S1x12hLT2AjmizzWyd1Dk7","https://gosqas.org/history/S1x12hLT2AjmizzWyd1Dk7","F"
"QTVXD5s1ybzX2gBf2G95Mu","https://gosqas.org/record/QTVXD5s1ybzX2gBf2G95Mu","DMDM TQ1 lot 3","9RYmhyEwYZwL5vyUNWPA2Q","DMDM TQ1 lot 3 #11","UMYUrjvBn6MKELQVXCMZqm","https://gosqas.org/history/UMYUrjvBn6MKELQVXCMZqm","F"
"QTVXD5s1ybzX2gBf2G95Mu","https://gosqas.org/record/QTVXD5s1ybzX2gBf2G95Mu","DMDM TQ1 lot 3","9RYmhyEwYZwL5vyUNWPA2Q","DMDM TQ1 lot 3 #12","W2iBL6eF8NNZK6CHifCAKf","https://gosqas.org/history/W2iBL6eF8NNZK6CHifCAKf","F"
"QTVXD5s1ybzX2gBf2G95Mu","https://gosqas.org/record/QTVXD5s1ybzX2gBf2G95Mu","DMDM TQ1 lot 3","9RYmhyEwYZwL5vyUNWPA2Q","DMDM TQ1 lot 3 #13","P7yQ6f9cc7xXfrKnR3APN8","https://gosqas.org/history/P7yQ6f9cc7xXfrKnR3APN8","F"
"QTVXD5s1ybzX2gBf2G95Mu","https://gosqas.org/record/QTVXD5s1ybzX2gBf2G95Mu","DMDM TQ1 lot 3","9RYmhyEwYZwL5vyUNWPA2Q","DMDM TQ1 lot 3 #14","D75LotyHoEXGj6QzBo6dLM","https://gosqas.org/history/D75LotyHoEXGj6QzBo6dLM","F"
"QTVXD5s1ybzX2gBf2G95Mu","https://gosqas.org/record/QTVXD5s1ybzX2gBf2G95Mu","DMDM TQ1 lot 3","9RYmhyEwYZwL5vyUNWPA2Q","DMDM TQ1 lot 3 #15","FZxrkv56dLAwkGt4xKXjEg","https://gosqas.org/history/FZxrkv56dLAwkGt4xKXjEg","F"
"QTVXD5s1ybzX2gBf2G95Mu","https://gosqas.org/record/QTVXD5s1ybzX2gBf2G95Mu","DMDM TQ1 lot 3","9RYmhyEwYZwL5vyUNWPA2Q","DMDM TQ1 lot 3 #16","CqdMZ41TDnbAFWjku3awmh","https://gosqas.org/history/CqdMZ41TDnbAFWjku3awmh","F"
"QTVXD5s1ybzX2gBf2G95Mu","https://gosqas.org/record/QTVXD5s1ybzX2gBf2G95Mu","DMDM TQ1 lot 3","9RYmhyEwYZwL5vyUNWPA2Q","DMDM TQ1 lot 3 #17","P4hD5ntRjm8823AmuGSuHP","https://gosqas.org/history/P4hD5ntRjm8823AmuGSuHP","F"
"QTVXD5s1ybzX2gBf2G95Mu","https://gosqas.org/record/QTVXD5s1ybzX2gBf2G95Mu","DMDM TQ1 lot 3","9RYmhyEwYZwL5vyUNWPA2Q","DMDM TQ1 lot 3 #18","AacAZF9A7B7qbmL2j7hpGW","https://gosqas.org/history/AacAZF9A7B7qbmL2j7hpGW","F"
"QTVXD5s1ybzX2gBf2G95Mu","https://gosqas.org/record/QTVXD5s1ybzX2gBf2G95Mu","DMDM TQ1 lot 3","9RYmhyEwYZwL5vyUNWPA2Q","DMDM TQ1 lot 3 #19","9mF3EEvgupwpeM8US6i1ih","https://gosqas.org/history/9mF3EEvgupwpeM8US6i1ih","F"
"QTVXD5s1ybzX2gBf2G95Mu","https://gosqas.org/record/QTVXD5s1ybzX2gBf2G95Mu","DMDM TQ1 lot 3","9RYmhyEwYZwL5vyUNWPA2Q","DMDM TQ1 lot 3 #20","RWJ35sdKH1Y3tCTUYF5zAa","https://gosqas.org/history/RWJ35sdKH1Y3tCTUYF5zAa","F"
"QTVXD5s1ybzX2gBf2G95Mu","https://gosqas.org/record/QTVXD5s1ybzX2gBf2G95Mu","DMDM TQ1 lot 3","9RYmhyEwYZwL5vyUNWPA2Q","DMDM TQ1 lot 3 #21","38yMvmvF9WF3TEJfXqLCqX","https://gosqas.org/history/38yMvmvF9WF3TEJfXqLCqX","F"
"QTVXD5s1ybzX2gBf2G95Mu","https://gosqas.org/record/QTVXD5s1ybzX2gBf2G95Mu","DMDM TQ1 lot 3","9RYmhyEwYZwL5vyUNWPA2Q","DMDM TQ1 lot 3 #22","FKNeW1KV5Quvmpruebfhnc","https://gosqas.org/history/FKNeW1KV5Quvmpruebfhnc","F"
"QTVXD5s1ybzX2gBf2G95Mu","https://gosqas.org/record/QTVXD5s1ybzX2gBf2G95Mu","DMDM TQ1 lot 3","9RYmhyEwYZwL5vyUNWPA2Q","DMDM TQ1 lot 3 #23","SBLA4KACdfgicApeaMapYt","https://gosqas.org/history/SBLA4KACdfgicApeaMapYt","F"
"QTVXD5s1ybzX2gBf2G95Mu","https://gosqas.org/record/QTVXD5s1ybzX2gBf2G95Mu","DMDM TQ1 lot 3","9RYmhyEwYZwL5vyUNWPA2Q","DMDM TQ1 lot 3 #24","AxvPLxq4CgPemFtgxiQz8y","https://gosqas.org/history/AxvPLxq4CgPemFtgxiQz8y","F"
"QTVXD5s1ybzX2gBf2G95Mu","https://gosqas.org/record/QTVXD5s1ybzX2gBf2G95Mu","DMDM TQ1 lot 3","9RYmhyEwYZwL5vyUNWPA2Q","DMDM TQ1 lot 3 #25","AUT2vxYDTon3CJtkjB8gtd","https://gosqas.org/history/AUT2vxYDTon3CJtkjB8gtd","F"
"QTVXD5s1ybzX2gBf2G95Mu","https://gosqas.org/record/QTVXD5s1ybzX2gBf2G95Mu","DMDM TQ1 lot 3","9RYmhyEwYZwL5vyUNWPA2Q","DMDM TQ1 lot 3 #26","AncFNTA3wmZZZgyMUT5Xoy","https://gosqas.org/history/AncFNTA3wmZZZgyMUT5Xoy","F"
"QTVXD5s1ybzX2gBf2G95Mu","https://gosqas.org/record/QTVXD5s1ybzX2gBf2G95Mu","DMDM TQ1 lot 3","9RYmhyEwYZwL5vyUNWPA2Q","DMDM TQ1 lot 3 #27","DCLfYxMUrKG37S8ESfVgFd","https://gosqas.org/history/DCLfYxMUrKG37S8ESfVgFd","F"
"QTVXD5s1ybzX2gBf2G95Mu","https://gosqas.org/record/QTVXD5s1ybzX2gBf2G95Mu","DMDM TQ1 lot 3","9RYmhyEwYZwL5vyUNWPA2Q","DMDM TQ1 lot 3 #28","XoLPHynAziD7nByuosdDrn","https://gosqas.org/history/XoLPHynAziD7nByuosdDrn","F"
"QTVXD5s1ybzX2gBf2G95Mu","https://gosqas.org/record/QTVXD5s1ybzX2gBf2G95Mu","DMDM TQ1 lot 3","9RYmhyEwYZwL5vyUNWPA2Q","DMDM TQ1 lot 3 #29","UeeWMKnQnP32yfG5UH1QbR","https://gosqas.org/history/UeeWMKnQnP32yfG5UH1QbR","F"
"QTVXD5s1ybzX2gBf2G95Mu","https://gosqas.org/record/QTVXD5s1ybzX2gBf2G95Mu","DMDM TQ1 lot 3","9RYmhyEwYZwL5vyUNWPA2Q","DMDM TQ1 lot 3 #30","BA79VYABJU4wnxQV3c1BDe","https://gosqas.org/history/BA79VYABJU4wnxQV3c1BDe","F"
"QTVXD5s1ybzX2gBf2G95Mu","https://gosqas.org/record/QTVXD5s1ybzX2gBf2G95Mu","DMDM TQ1 lot 3","9RYmhyEwYZwL5vyUNWPA2Q","DMDM TQ1 lot 3 #31","JxAscQp5iN5f4UvMCAX9aA","https://gosqas.org/history/JxAscQp5iN5f4UvMCAX9aA","F"
"QTVXD5s1ybzX2gBf2G95Mu","https://gosqas.org/record/QTVXD5s1ybzX2gBf2G95Mu","DMDM TQ1 lot 3","9RYmhyEwYZwL5vyUNWPA2Q","DMDM TQ1 lot 3 #32","PcVTueHX4KFpFRwERysoRD","https://gosqas.org/history/PcVTueHX4KFpFRwERysoRD","F"
"QTVXD5s1ybzX2gBf2G95Mu","https://gosqas.org/record/QTVXD5s1ybzX2gBf2G95Mu","DMDM TQ1 lot 3","9RYmhyEwYZwL5vyUNWPA2Q","DMDM TQ1 lot 3 #33","YZDhU8otKW1wg31EwJkHLY","https://gosqas.org/history/YZDhU8otKW1wg31EwJkHLY","F"
"QTVXD5s1ybzX2gBf2G95Mu","https://gosqas.org/record/QTVXD5s1ybzX2gBf2G95Mu","DMDM TQ1 lot 3","9RYmhyEwYZwL5vyUNWPA2Q","DMDM TQ1 lot 3 #34","Ui5ZLhMz5aHMDos9C7TdFC","https://gosqas.org/history/Ui5ZLhMz5aHMDos9C7TdFC","F"
"QTVXD5s1ybzX2gBf2G95Mu","https://gosqas.org/record/QTVXD5s1ybzX2gBf2G95Mu","DMDM TQ1 lot 3","9RYmhyEwYZwL5vyUNWPA2Q","DMDM TQ1 lot 3 #35","W1qvkg8GqqvHyUrQSvVUmJ","https://gosqas.org/history/W1qvkg8GqqvHyUrQSvVUmJ","F"
"QTVXD5s1ybzX2gBf2G95Mu","https://gosqas.org/record/QTVXD5s1ybzX2gBf2G95Mu","DMDM TQ1 lot 3","9RYmhyEwYZwL5vyUNWPA2Q","DMDM TQ1 lot 3 #36","NkakniFJG2G8edcvZoEAgH","https://gosqas.org/history/NkakniFJG2G8edcvZoEAgH","F"
"QTVXD5s1ybzX2gBf2G95Mu","https://gosqas.org/record/QTVXD5s1ybzX2gBf2G95Mu","DMDM TQ1 lot 3","9RYmhyEwYZwL5vyUNWPA2Q","DMDM TQ1 lot 3 #37","QgzENUjG2jiR3aGXq1LrCT","https://gosqas.org/history/QgzENUjG2jiR3aGXq1LrCT","F"
"QTVXD5s1ybzX2gBf2G95Mu","https://gosqas.org/record/QTVXD5s1ybzX2gBf2G95Mu","DMDM TQ1 lot 3","9RYmhyEwYZwL5vyUNWPA2Q","DMDM TQ1 lot 3 #38","4B1x5ZawL9Bm49Tcj4m1hz","https://gosqas.org/history/4B1x5ZawL9Bm49Tcj4m1hz","F"
"QTVXD5s1ybzX2gBf2G95Mu","https://gosqas.org/record/QTVXD5s1ybzX2gBf2G95Mu","DMDM TQ1 lot 3","9RYmhyEwYZwL5vyUNWPA2Q","DMDM TQ1 lot 3 #39","3HggckGLyfHtVSjKakwV69","https://gosqas.org/history/3HggckGLyfHtVSjKakwV69","F"
"QTVXD5s1ybzX2gBf2G95Mu","https://gosqas.org/record/QTVXD5s1ybzX2gBf2G95Mu","DMDM TQ1 lot 3","9RYmhyEwYZwL5vyUNWPA2Q","DMDM TQ1 lot 3 #40","MBiMbYAKKVk3YGoXL4eKnY","https://gosqas.org/history/MBiMbYAKKVk3YGoXL4eKnY","F"
"QTVXD5s1ybzX2gBf2G95Mu","https://gosqas.org/record/QTVXD5s1ybzX2gBf2G95Mu","DMDM TQ1 lot 3","9RYmhyEwYZwL5vyUNWPA2Q","DMDM TQ1 lot 3 #41","Unqx3XERAVLVeiSJhmwJnL","https://gosqas.org/history/Unqx3XERAVLVeiSJhmwJnL","F"
"QTVXD5s1ybzX2gBf2G95Mu","https://gosqas.org/record/QTVXD5s1ybzX2gBf2G95Mu","DMDM TQ1 lot 3","9RYmhyEwYZwL5vyUNWPA2Q","DMDM TQ1 lot 3 #42","KiNXCDWpEC7soBfUsf3R8Z","https://gosqas.org/history/KiNXCDWpEC7soBfUsf3R8Z","F"
"QTVXD5s1ybzX2gBf2G95Mu","https://gosqas.org/record/QTVXD5s1ybzX2gBf2G95Mu","DMDM TQ1 lot 3","9RYmhyEwYZwL5vyUNWPA2Q","DMDM TQ1 lot 3 #43","7EiFC9EfNVGQ4mBRCsdSzp","https://gosqas.org/history/7EiFC9EfNVGQ4mBRCsdSzp","F"
"QTVXD5s1ybzX2gBf2G95Mu","https://gosqas.org/record/QTVXD5s1ybzX2gBf2G95Mu","DMDM TQ1 lot 3","9RYmhyEwYZwL5vyUNWPA2Q","DMDM TQ1 lot 3 #44","FyJxjAFJ7d2RqQjqmAqGLf","https://gosqas.org/history/FyJxjAFJ7d2RqQjqmAqGLf","F"
"QTVXD5s1ybzX2gBf2G95Mu","https://gosqas.org/record/QTVXD5s1ybzX2gBf2G95Mu","DMDM TQ1 lot 3","9RYmhyEwYZwL5vyUNWPA2Q","DMDM TQ1 lot 3 #45","EYWSx46WZ5mBkrHXHV6dE8","https://gosqas.org/history/EYWSx46WZ5mBkrHXHV6dE8","F"
"QTVXD5s1ybzX2gBf2G95Mu","https://gosqas.org/record/QTVXD5s1ybzX2gBf2G95Mu","DMDM TQ1 lot 3","9RYmhyEwYZwL5vyUNWPA2Q","DMDM TQ1 lot 3 #46","QoakSsKifNAUnphnkdMXtr","https://gosqas.org/history/QoakSsKifNAUnphnkdMXtr","F"
"QTVXD5s1ybzX2gBf2G95Mu","https://gosqas.org/record/QTVXD5s1ybzX2gBf2G95Mu","DMDM TQ1 lot 3","9RYmhyEwYZwL5vyUNWPA2Q","DMDM TQ1 lot 3 #47","C4xHPGiGRTYX26oNQhHGbk","https://gosqas.org/history/C4xHPGiGRTYX26oNQhHGbk","F"
"QTVXD5s1ybzX2gBf2G95Mu","https://gosqas.org/record/QTVXD5s1ybzX2gBf2G95Mu","DMDM TQ1 lot 3","9RYmhyEwYZwL5vyUNWPA2Q","DMDM TQ1 lot 3 #48","UUZayB2o5En7Lv4bBUHewd","https://gosqas.org/history/UUZayB2o5En7Lv4bBUHewd","F"
"QTVXD5s1ybzX2gBf2G95Mu","https://gosqas.org/record/QTVXD5s1ybzX2gBf2G95Mu","DMDM TQ1 lot 3","9RYmhyEwYZwL5vyUNWPA2Q","DMDM TQ1 lot 3 #49","BKKkS1qfDEBUP7J6xrvPhc","https://gosqas.org/history/BKKkS1qfDEBUP7J6xrvPhc","F"
"QTVXD5s1ybzX2gBf2G95Mu","https://gosqas.org/record/QTVXD5s1ybzX2gBf2G95Mu","DMDM TQ1 lot 3","9RYmhyEwYZwL5vyUNWPA2Q","DMDM TQ1 lot 3 #50","CK4EC2tDhU13iRsQDAekzU","https://gosqas.org/history/CK4EC2tDhU13iRsQDAekzU","F"
"QTVXD5s1ybzX2gBf2G95Mu","https://gosqas.org/record/QTVXD5s1ybzX2gBf2G95Mu","DMDM TQ1 lot 3","9RYmhyEwYZwL5vyUNWPA2Q","DMDM TQ1 lot 3 #51","REiYnJNcbph5WFwJyt25hT","https://gosqas.org/history/REiYnJNcbph5WFwJyt25hT","F"
"QTVXD5s1ybzX2gBf2G95Mu","https://gosqas.org/record/QTVXD5s1ybzX2gBf2G95Mu","DMDM TQ1 lot 3","9RYmhyEwYZwL5vyUNWPA2Q","DMDM TQ1 lot 3 #52","4pyYd3VW1PkW9BjW51YTMe","https://gosqas.org/history/4pyYd3VW1PkW9BjW51YTMe","F"
"QTVXD5s1ybzX2gBf2G95Mu","https://gosqas.org/record/QTVXD5s1ybzX2gBf2G95Mu","DMDM TQ1 lot 3","9RYmhyEwYZwL5vyUNWPA2Q","DMDM TQ1 lot 3 #53","SodZV6u1MorFLCwp2HGw7k","https://gosqas.org/history/SodZV6u1MorFLCwp2HGw7k","F"
"QTVXD5s1ybzX2gBf2G95Mu","https://gosqas.org/record/QTVXD5s1ybzX2gBf2G95Mu","DMDM TQ1 lot 3","9RYmhyEwYZwL5vyUNWPA2Q","DMDM TQ1 lot 3 #54","8wKAyDSg7Y6f1viumpxqZC","https://gosqas.org/history/8wKAyDSg7Y6f1viumpxqZC","F"
"QTVXD5s1ybzX2gBf2G95Mu","https://gosqas.org/record/QTVXD5s1ybzX2gBf2G95Mu","DMDM TQ1 lot 3","9RYmhyEwYZwL5vyUNWPA2Q","DMDM TQ1 lot 3 #55","GYLM8SudRDJXZ2Jo8HtWoY","https://gosqas.org/history/GYLM8SudRDJXZ2Jo8HtWoY","F"
"QTVXD5s1ybzX2gBf2G95Mu","https://gosqas.org/record/QTVXD5s1ybzX2gBf2G95Mu","DMDM TQ1 lot 3","9RYmhyEwYZwL5vyUNWPA2Q","DMDM TQ1 lot 3 #56","VzSYWrCCGQN9wgb2wiFCPF","https://gosqas.org/history/VzSYWrCCGQN9wgb2wiFCPF","F"
"QTVXD5s1ybzX2gBf2G95Mu","https://gosqas.org/record/QTVXD5s1ybzX2gBf2G95Mu","DMDM TQ1 lot 3","9RYmhyEwYZwL5vyUNWPA2Q","DMDM TQ1 lot 3 #57","RFAxrX6D5kgVXgZhcVXroD","https://gosqas.org/history/RFAxrX6D5kgVXgZhcVXroD","F"
"QTVXD5s1ybzX2gBf2G95Mu","https://gosqas.org/record/QTVXD5s1ybzX2gBf2G95Mu","DMDM TQ1 lot 3","9RYmhyEwYZwL5vyUNWPA2Q","DMDM TQ1 lot 3 #58","9tNpuA6AcSmZZMdiEbdic1","https://gosqas.org/history/9tNpuA6AcSmZZMdiEbdic1","F"
"QTVXD5s1ybzX2gBf2G95Mu","https://gosqas.org/record/QTVXD5s1ybzX2gBf2G95Mu","DMDM TQ1 lot 3","9RYmhyEwYZwL5vyUNWPA2Q","DMDM TQ1 lot 3 #59","U8CELt1rdJdeRs1FtkaQvC","https://gosqas.org/history/U8CELt1rdJdeRs1FtkaQvC","F"
"QTVXD5s1ybzX2gBf2G95Mu","https://gosqas.org/record/QTVXD5s1ybzX2gBf2G95Mu","DMDM TQ1 lot 3","9RYmhyEwYZwL5vyUNWPA2Q","DMDM TQ1 lot 3 #60","U7tKfaDQqwrPXFq4TbUyYU","https://gosqas.org/history/U7tKfaDQqwrPXFq4TbUyYU","F"
"QTVXD5s1ybzX2gBf2G95Mu","https://gosqas.org/record/QTVXD5s1ybzX2gBf2G95Mu","DMDM TQ1 lot 3","9RYmhyEwYZwL5vyUNWPA2Q","DMDM TQ1 lot 3 #61","8rfCvS1xxoPDTbhP2HaEPs","https://gosqas.org/history/8rfCvS1xxoPDTbhP2HaEPs","F"
"QTVXD5s1ybzX2gBf2G95Mu","https://gosqas.org/record/QTVXD5s1ybzX2gBf2G95Mu","DMDM TQ1 lot 3","9RYmhyEwYZwL5vyUNWPA2Q","DMDM TQ1 lot 3 #62","7JmQkQNyNddvBGps5AueK1","https://gosqas.org/history/7JmQkQNyNddvBGps5AueK1","F"
"QTVXD5s1ybzX2gBf2G95Mu","https://gosqas.org/record/QTVXD5s1ybzX2gBf2G95Mu","DMDM TQ1 lot 3","9RYmhyEwYZwL5vyUNWPA2Q","DMDM TQ1 lot 3 #63","5TDk5e6yWi8ULJHRvGBLcg","https://gosqas.org/history/5TDk5e6yWi8ULJHRvGBLcg","F"
"QTVXD5s1ybzX2gBf2G95Mu","https://gosqas.org/record/QTVXD5s1ybzX2gBf2G95Mu","DMDM TQ1 lot 3","9RYmhyEwYZwL5vyUNWPA2Q","DMDM TQ1 lot 3 #64","U4ThwRVjTfp8qnrJ4QvgUB","https://gosqas.org/history/U4ThwRVjTfp8qnrJ4QvgUB","F"
"QTVXD5s1ybzX2gBf2G95Mu","https://gosqas.org/record/QTVXD5s1ybzX2gBf2G95Mu","DMDM TQ1 lot 3","9RYmhyEwYZwL5vyUNWPA2Q","DMDM TQ1 lot 3 #65","9M1Ao49LhraL8aPDfw75zx","https://gosqas.org/history/9M1Ao49LhraL8aPDfw75zx","F"
"QTVXD5s1ybzX2gBf2G95Mu","https://gosqas.org/record/QTVXD5s1ybzX2gBf2G95Mu","DMDM TQ1 lot 3","9RYmhyEwYZwL5vyUNWPA2Q","DMDM TQ1 lot 3 #66","Uu3QpuVdsuy3LefsCx2Qaa","https://gosqas.org/history/Uu3QpuVdsuy3LefsCx2Qaa","F"
"QTVXD5s1ybzX2gBf2G95Mu","https://gosqas.org/record/QTVXD5s1ybzX2gBf2G95Mu","DMDM TQ1 lot 3","9RYmhyEwYZwL5vyUNWPA2Q","DMDM TQ1 lot 3 #67","7Vr4tAVuwD7rJKpZJvndmR","https://gosqas.org/history/7Vr4tAVuwD7rJKpZJvndmR","F"
"QTVXD5s1ybzX2gBf2G95Mu","https://gosqas.org/record/QTVXD5s1ybzX2gBf2G95Mu","DMDM TQ1 lot 3","9RYmhyEwYZwL5vyUNWPA2Q","DMDM TQ1 lot 3 #68","AeoziGrg1e17zf89dtsVn4","https://gosqas.org/history/AeoziGrg1e17zf89dtsVn4","F"
"QTVXD5s1ybzX2gBf2G95Mu","https://gosqas.org/record/QTVXD5s1ybzX2gBf2G95Mu","DMDM TQ1 lot 3","9RYmhyEwYZwL5vyUNWPA2Q","DMDM TQ1 lot 3 #69","VUP9Y65v8pB1oxigCGK1wd","https://gosqas.org/history/VUP9Y65v8pB1oxigCGK1wd","F"
"QTVXD5s1ybzX2gBf2G95Mu","https://gosqas.org/record/QTVXD5s1ybzX2gBf2G95Mu","DMDM TQ1 lot 3","9RYmhyEwYZwL5vyUNWPA2Q","DMDM TQ1 lot 3 #70","F1Yi3C52oEEEgm9XbDJqEW","https://gosqas.org/history/F1Yi3C52oEEEgm9XbDJqEW","F"
"QTVXD5s1ybzX2gBf2G95Mu","https://gosqas.org/record/QTVXD5s1ybzX2gBf2G95Mu","DMDM TQ1 lot 3","9RYmhyEwYZwL5vyUNWPA2Q","DMDM TQ1 lot 3 #71","LTKGWTwsksJ7zHAyuhuEwc","https://gosqas.org/history/LTKGWTwsksJ7zHAyuhuEwc","F"
"QTVXD5s1ybzX2gBf2G95Mu","https://gosqas.org/record/QTVXD5s1ybzX2gBf2G95Mu","DMDM TQ1 lot 3","9RYmhyEwYZwL5vyUNWPA2Q","DMDM TQ1 lot 3 #72","U4KEScTc9eLB51EchBLXWd","https://gosqas.org/history/U4KEScTc9eLB51EchBLXWd","F"
"QTVXD5s1ybzX2gBf2G95Mu","https://gosqas.org/record/QTVXD5s1ybzX2gBf2G95Mu","DMDM TQ1 lot 3","9RYmhyEwYZwL5vyUNWPA2Q","DMDM TQ1 lot 3 #73","Ggh7D4gaXKnDzz9CApTWHU","https://gosqas.org/history/Ggh7D4gaXKnDzz9CApTWHU","F"
"QTVXD5s1ybzX2gBf2G95Mu","https://gosqas.org/record/QTVXD5s1ybzX2gBf2G95Mu","DMDM TQ1 lot 3","9RYmhyEwYZwL5vyUNWPA2Q","DMDM TQ1 lot 3 #74","4aKxnFbXcBXZcR8EVeXEoE","https://gosqas.org/history/4aKxnFbXcBXZcR8EVeXEoE","F"
"QTVXD5s1ybzX2gBf2G95Mu","https://gosqas.org/record/QTVXD5s1ybzX2gBf2G95Mu","DMDM TQ1 lot 3","9RYmhyEwYZwL5vyUNWPA2Q","DMDM TQ1 lot 3 #75","Kn6MjfHfGoiHFocWy6TUgE","https://gosqas.org/history/Kn6MjfHfGoiHFocWy6TUgE","F"
"QTVXD5s1ybzX2gBf2G95Mu","https://gosqas.org/record/QTVXD5s1ybzX2gBf2G95Mu","DMDM TQ1 lot 3","9RYmhyEwYZwL5vyUNWPA2Q","DMDM TQ1 lot 3 #76","N8aBc4SC2mxZ9k3W2CBHmz","https://gosqas.org/history/N8aBc4SC2mxZ9k3W2CBHmz","F"
"QTVXD5s1ybzX2gBf2G95Mu","https://gosqas.org/record/QTVXD5s1ybzX2gBf2G95Mu","DMDM TQ1 lot 3","9RYmhyEwYZwL5vyUNWPA2Q","DMDM TQ1 lot 3 #77","LZfVvfMSJe4L4YnC3bjoKC","https://gosqas.org/history/LZfVvfMSJe4L4YnC3bjoKC","F"
"QTVXD5s1ybzX2gBf2G95Mu","https://gosqas.org/record/QTVXD5s1ybzX2gBf2G95Mu","DMDM TQ1 lot 3","9RYmhyEwYZwL5vyUNWPA2Q","DMDM TQ1 lot 3 #78","3e2Z7fgX4PCTy2VFJHbXzz","https://gosqas.org/history/3e2Z7fgX4PCTy2VFJHbXzz","F"
"QTVXD5s1ybzX2gBf2G95Mu","https://gosqas.org/record/QTVXD5s1ybzX2gBf2G95Mu","DMDM TQ1 lot 3","9RYmhyEwYZwL5vyUNWPA2Q","DMDM TQ1 lot 3 #79","9jzK9gPSorJQNZXfgqTaf6","https://gosqas.org/history/9jzK9gPSorJQNZXfgqTaf6","F"
"QTVXD5s1ybzX2gBf2G95Mu","https://gosqas.org/record/QTVXD5s1ybzX2gBf2G95Mu","DMDM TQ1 lot 3","9RYmhyEwYZwL5vyUNWPA2Q","DMDM TQ1 lot 3 #80","D5sgrhSuNi5nzaGqRxbCht","https://gosqas.org/history/D5sgrhSuNi5nzaGqRxbCht","F"
"QTVXD5s1ybzX2gBf2G95Mu","https://gosqas.org/record/QTVXD5s1ybzX2gBf2G95Mu","DMDM TQ1 lot 3","9RYmhyEwYZwL5vyUNWPA2Q","DMDM TQ1 lot 3 #81","TojPEVYh1g3syDD67zDavg","https://gosqas.org/history/TojPEVYh1g3syDD67zDavg","F"
"QTVXD5s1ybzX2gBf2G95Mu","https://gosqas.org/record/QTVXD5s1ybzX2gBf2G95Mu","DMDM TQ1 lot 3","9RYmhyEwYZwL5vyUNWPA2Q","DMDM TQ1 lot 3 #82","VwU5Gqtj4konWVC2rdHJpS","https://gosqas.org/history/VwU5Gqtj4konWVC2rdHJpS","F"
"QTVXD5s1ybzX2gBf2G95Mu","https://gosqas.org/record/QTVXD5s1ybzX2gBf2G95Mu","DMDM TQ1 lot 3","9RYmhyEwYZwL5vyUNWPA2Q","DMDM TQ1 lot 3 #83","Mf6MMoM5y1cy6DeZZk8DyU","https://gosqas.org/history/Mf6MMoM5y1cy6DeZZk8DyU","F"
"QTVXD5s1ybzX2gBf2G95Mu","https://gosqas.org/record/QTVXD5s1ybzX2gBf2G95Mu","DMDM TQ1 lot 3","9RYmhyEwYZwL5vyUNWPA2Q","DMDM TQ1 lot 3 #84","2HcSHY7vPVxBEDvVz5kTX7","https://gosqas.org/history/2HcSHY7vPVxBEDvVz5kTX7","F"
"QTVXD5s1ybzX2gBf2G95Mu","https://gosqas.org/record/QTVXD5s1ybzX2gBf2G95Mu","DMDM TQ1 lot 3","9RYmhyEwYZwL5vyUNWPA2Q","DMDM TQ1 lot 3 #85","YFcQfiX61bt2Rr8zSH7MTF","https://gosqas.org/history/YFcQfiX61bt2Rr8zSH7MTF","F"
"QTVXD5s1ybzX2gBf2G95Mu","https://gosqas.org/record/QTVXD5s1ybzX2gBf2G95Mu","DMDM TQ1 lot 3","9RYmhyEwYZwL5vyUNWPA2Q","DMDM TQ1 lot 3 #86","MRPehnrQtrabqR2vsdYTmm","https://gosqas.org/history/MRPehnrQtrabqR2vsdYTmm","F"
"QTVXD5s1ybzX2gBf2G95Mu","https://gosqas.org/record/QTVXD5s1ybzX2gBf2G95Mu","DMDM TQ1 lot 3","9RYmhyEwYZwL5vyUNWPA2Q","DMDM TQ1 lot 3 #87","HWsg8MdwM6QVb1PorXujL7","https://gosqas.org/history/HWsg8MdwM6QVb1PorXujL7","F"
"QTVXD5s1ybzX2gBf2G95Mu","https://gosqas.org/record/QTVXD5s1ybzX2gBf2G95Mu","DMDM TQ1 lot 3","9RYmhyEwYZwL5vyUNWPA2Q","DMDM TQ1 lot 3 #88","X5xCyXYbZSbrCXpw5ADeqp","https://gosqas.org/history/X5xCyXYbZSbrCXpw5ADeqp","F"
"QTVXD5s1ybzX2gBf2G95Mu","https://gosqas.org/record/QTVXD5s1ybzX2gBf2G95Mu","DMDM TQ1 lot 3","9RYmhyEwYZwL5vyUNWPA2Q","DMDM TQ1 lot 3 #89","GLhGi8A2t95Q62QQq4dQjs","https://gosqas.org/history/GLhGi8A2t95Q62QQq4dQjs","F"
"QTVXD5s1ybzX2gBf2G95Mu","https://gosqas.org/record/QTVXD5s1ybzX2gBf2G95Mu","DMDM TQ1 lot 3","9RYmhyEwYZwL5vyUNWPA2Q","DMDM TQ1 lot 3 #90","KDTVHZN5Gns6sMGjM6Kdua","https://gosqas.org/history/KDTVHZN5Gns6sMGjM6Kdua","F"
"QTVXD5s1ybzX2gBf2G95Mu","https://gosqas.org/record/QTVXD5s1ybzX2gBf2G95Mu","DMDM TQ1 lot 3","9RYmhyEwYZwL5vyUNWPA2Q","DMDM TQ1 lot 3 #91","E3PLBWTaKvyhdftdSM7yGs","https://gosqas.org/history/E3PLBWTaKvyhdftdSM7yGs","F"
"QTVXD5s1ybzX2gBf2G95Mu","https://gosqas.org/record/QTVXD5s1ybzX2gBf2G95Mu","DMDM TQ1 lot 3","9RYmhyEwYZwL5vyUNWPA2Q","DMDM TQ1 lot 3 #92","UbEPV4E38nMhwp19DqwECL","https://gosqas.org/history/UbEPV4E38nMhwp19DqwECL","F"
"QTVXD5s1ybzX2gBf2G95Mu","https://gosqas.org/record/QTVXD5s1ybzX2gBf2G95Mu","DMDM TQ1 lot 3","9RYmhyEwYZwL5vyUNWPA2Q","DMDM TQ1 lot 3 #93","MNA3mnh92E4VFvGQ9RDPLY","https://gosqas.org/history/MNA3mnh92E4VFvGQ9RDPLY","F"
"QTVXD5s1ybzX2gBf2G95Mu","https://gosqas.org/record/QTVXD5s1ybzX2gBf2G95Mu","DMDM TQ1 lot 3","9RYmhyEwYZwL5vyUNWPA2Q","DMDM TQ1 lot 3 #94","E4TN2nCsbKjUk6svLBq7Zq","https://gosqas.org/history/E4TN2nCsbKjUk6svLBq7Zq","F"
"QTVXD5s1ybzX2gBf2G95Mu","https://gosqas.org/record/QTVXD5s1ybzX2gBf2G95Mu","DMDM TQ1 lot 3","9RYmhyEwYZwL5vyUNWPA2Q","DMDM TQ1 lot 3 #95","8aGx6hRnTTFx5GYJ1ZUM43","https://gosqas.org/history/8aGx6hRnTTFx5GYJ1ZUM43","F"
"QTVXD5s1ybzX2gBf2G95Mu","https://gosqas.org/record/QTVXD5s1ybzX2gBf2G95Mu","DMDM TQ1 lot 3","9RYmhyEwYZwL5vyUNWPA2Q","DMDM TQ1 lot 3 #96","SJGZ84TQt6V77u1SGrSuW4","https://gosqas.org/history/SJGZ84TQt6V77u1SGrSuW4","F"
"QTVXD5s1ybzX2gBf2G95Mu","https://gosqas.org/record/QTVXD5s1ybzX2gBf2G95Mu","DMDM TQ1 lot 3","9RYmhyEwYZwL5vyUNWPA2Q","DMDM TQ1 lot 3 #97","6WHczQAExcz8fpouvgMqFf","https://gosqas.org/history/6WHczQAExcz8fpouvgMqFf","F"
"QTVXD5s1ybzX2gBf2G95Mu","https://gosqas.org/record/QTVXD5s1ybzX2gBf2G95Mu","DMDM TQ1 lot 3","9RYmhyEwYZwL5vyUNWPA2Q","DMDM TQ1 lot 3 #98","Ew2hFeRg4hs77DgmdZgXsV","https://gosqas.org/history/Ew2hFeRg4hs77DgmdZgXsV","F"
"QTVXD5s1ybzX2gBf2G95Mu","https://gosqas.org/record/QTVXD5s1ybzX2gBf2G95Mu","DMDM TQ1 lot 3","9RYmhyEwYZwL5vyUNWPA2Q","DMDM TQ1 lot 3 #99","SmkcXqsXJNwAu8c2Na2gnD","https://gosqas.org/history/SmkcXqsXJNwAu8c2Na2gnD","F"
"QTVXD5s1ybzX2gBf2G95Mu","https://gosqas.org/record/QTVXD5s1ybzX2gBf2G95Mu","DMDM TQ1 lot 3","9RYmhyEwYZwL5vyUNWPA2Q","DMDM TQ1 lot 3 #100","F41Dp1bLRH4GBF6TBkjGo9","https://gosqas.org/history/F41Dp1bLRH4GBF6TBkjGo9","F"
"QTVXD5s1ybzX2gBf2G95Mu","https://gosqas.org/record/QTVXD5s1ybzX2gBf2G95Mu","DMDM TQ1 lot 3","9RYmhyEwYZwL5vyUNWPA2Q","DMDM TQ1 lot 3 #101","28rJvY8tmnS7aMJXw63FZT","https://gosqas.org/history/28rJvY8tmnS7aMJXw63FZT","F"
"QTVXD5s1ybzX2gBf2G95Mu","https://gosqas.org/record/QTVXD5s1ybzX2gBf2G95Mu","DMDM TQ1 lot 3","9RYmhyEwYZwL5vyUNWPA2Q","DMDM TQ1 lot 3 #102","SzL1M18GwB4yzXhBwGjCPw","https://gosqas.org/history/SzL1M18GwB4yzXhBwGjCPw","F"
"QTVXD5s1ybzX2gBf2G95Mu","https://gosqas.org/record/QTVXD5s1ybzX2gBf2G95Mu","DMDM TQ1 lot 3","9RYmhyEwYZwL5vyUNWPA2Q","DMDM TQ1 lot 3 #103","7jTWqgYJpZHDPMTLivgqvY","https://gosqas.org/history/7jTWqgYJpZHDPMTLivgqvY","F"
"QTVXD5s1ybzX2gBf2G95Mu","https://gosqas.org/record/QTVXD5s1ybzX2gBf2G95Mu","DMDM TQ1 lot 3","9RYmhyEwYZwL5vyUNWPA2Q","DMDM TQ1 lot 3 #104","65JJi8hZ7ccFaQf2ZuWRiD","https://gosqas.org/history/65JJi8hZ7ccFaQf2ZuWRiD","F"
"QTVXD5s1ybzX2gBf2G95Mu","https://gosqas.org/record/QTVXD5s1ybzX2gBf2G95Mu","DMDM TQ1 lot 3","9RYmhyEwYZwL5vyUNWPA2Q","DMDM TQ1 lot 3 #105","SryZDNF6zqTi544RpwcZix","https://gosqas.org/history/SryZDNF6zqTi544RpwcZix","F"
"QTVXD5s1ybzX2gBf2G95Mu","https://gosqas.org/record/QTVXD5s1ybzX2gBf2G95Mu","DMDM TQ1 lot 3","9RYmhyEwYZwL5vyUNWPA2Q","DMDM TQ1 lot 3 #106","Q4fMifKzREe8xA5aj7v73d","https://gosqas.org/history/Q4fMifKzREe8xA5aj7v73d","F"
"QTVXD5s1ybzX2gBf2G95Mu","https://gosqas.org/record/QTVXD5s1ybzX2gBf2G95Mu","DMDM TQ1 lot 3","9RYmhyEwYZwL5vyUNWPA2Q","DMDM TQ1 lot 3 #107","LPMBk9ybvCdVS6DckGsBmp","https://gosqas.org/history/LPMBk9ybvCdVS6DckGsBmp","F"
"QTVXD5s1ybzX2gBf2G95Mu","https://gosqas.org/record/QTVXD5s1ybzX2gBf2G95Mu","DMDM TQ1 lot 3","9RYmhyEwYZwL5vyUNWPA2Q","DMDM TQ1 lot 3 #108","TZqZiEnrDYoxXeGDzBzf9k","https://gosqas.org/history/TZqZiEnrDYoxXeGDzBzf9k","F"
"QTVXD5s1ybzX2gBf2G95Mu","https://gosqas.org/record/QTVXD5s1ybzX2gBf2G95Mu","DMDM TQ1 lot 3","9RYmhyEwYZwL5vyUNWPA2Q","DMDM TQ1 lot 3 #109","TQe8GW7rmT8QLbJqaJruo1","https://gosqas.org/history/TQe8GW7rmT8QLbJqaJruo1","F"
"QTVXD5s1ybzX2gBf2G95Mu","https://gosqas.org/record/QTVXD5s1ybzX2gBf2G95Mu","DMDM TQ1 lot 3","9RYmhyEwYZwL5vyUNWPA2Q","DMDM TQ1 lot 3 #110","QUuEwNwyV3prepE6gfBSji","https://gosqas.org/history/QUuEwNwyV3prepE6gfBSji","F"
"QTVXD5s1ybzX2gBf2G95Mu","https://gosqas.org/record/QTVXD5s1ybzX2gBf2G95Mu","DMDM TQ1 lot 3","9RYmhyEwYZwL5vyUNWPA2Q","DMDM TQ1 lot 3 #111","TwcoGYSWWHgqiJiiLzBbZN","https://gosqas.org/history/TwcoGYSWWHgqiJiiLzBbZN","F"
"QTVXD5s1ybzX2gBf2G95Mu","https://gosqas.org/record/QTVXD5s1ybzX2gBf2G95Mu","DMDM TQ1 lot 3","9RYmhyEwYZwL5vyUNWPA2Q","DMDM TQ1 lot 3 #112","346fu63ToPLBf39aoPJAXs","https://gosqas.org/history/346fu63ToPLBf39aoPJAXs","F"
"QTVXD5s1ybzX2gBf2G95Mu","https://gosqas.org/record/QTVXD5s1ybzX2gBf2G95Mu","DMDM TQ1 lot 3","9RYmhyEwYZwL5vyUNWPA2Q","DMDM TQ1 lot 3 #113","2dmXtU1tbRyTJ4zFCWnpKY","https://gosqas.org/history/2dmXtU1tbRyTJ4zFCWnpKY","F"
"QTVXD5s1ybzX2gBf2G95Mu","https://gosqas.org/record/QTVXD5s1ybzX2gBf2G95Mu","DMDM TQ1 lot 3","9RYmhyEwYZwL5vyUNWPA2Q","DMDM TQ1 lot 3 #114","F3uG8kMayScDGy7ZUYuVAq","https://gosqas.org/history/F3uG8kMayScDGy7ZUYuVAq","F"
"QTVXD5s1ybzX2gBf2G95Mu","https://gosqas.org/record/QTVXD5s1ybzX2gBf2G95Mu","DMDM TQ1 lot 3","9RYmhyEwYZwL5vyUNWPA2Q","DMDM TQ1 lot 3 #115","SEZPNDbbDnwbeeHwvvHf5g","https://gosqas.org/history/SEZPNDbbDnwbeeHwvvHf5g","F"
"QTVXD5s1ybzX2gBf2G95Mu","https://gosqas.org/record/QTVXD5s1ybzX2gBf2G95Mu","DMDM TQ1 lot 3","9RYmhyEwYZwL5vyUNWPA2Q","DMDM TQ1 lot 3 #116","KcXMwT93Gju49n8JsuVEhK","https://gosqas.org/history/KcXMwT93Gju49n8JsuVEhK","F"
"QTVXD5s1ybzX2gBf2G95Mu","https://gosqas.org/record/QTVXD5s1ybzX2gBf2G95Mu","DMDM TQ1 lot 3","9RYmhyEwYZwL5vyUNWPA2Q","DMDM TQ1 lot 3 #117","3r5xAJYUHggCQkmg8Gm95C","https://gosqas.org/history/3r5xAJYUHggCQkmg8Gm95C","F"
"QTVXD5s1ybzX2gBf2G95Mu","https://gosqas.org/record/QTVXD5s1ybzX2gBf2G95Mu","DMDM TQ1 lot 3","9RYmhyEwYZwL5vyUNWPA2Q","DMDM TQ1 lot 3 #118","JhUSt2Yxzz758YQMnpwLYY","https://gosqas.org/history/JhUSt2Yxzz758YQMnpwLYY","F"
"QTVXD5s1ybzX2gBf2G95Mu","https://gosqas.org/record/QTVXD5s1ybzX2gBf2G95Mu","DMDM TQ1 lot 3","9RYmhyEwYZwL5vyUNWPA2Q","DMDM TQ1 lot 3 #119","BMhAqUdEAx1jRxRrKLopoD","https://gosqas.org/history/BMhAqUdEAx1jRxRrKLopoD","F"
"QTVXD5s1ybzX2gBf2G95Mu","https://gosqas.org/record/QTVXD5s1ybzX2gBf2G95Mu","DMDM TQ1 lot 3","9RYmhyEwYZwL5vyUNWPA2Q","DMDM TQ1 lot 3 #120","JZZwMzjRVxBoM5J65CezE9","https://gosqas.org/history/JZZwMzjRVxBoM5J65CezE9","F"
"QTVXD5s1ybzX2gBf2G95Mu","https://gosqas.org/record/QTVXD5s1ybzX2gBf2G95Mu","DMDM TQ1 lot 3","9RYmhyEwYZwL5vyUNWPA2Q","DMDM TQ1 lot 3 #121","MKDYLc5LZupgM5kfAUoC4c","https://gosqas.org/history/MKDYLc5LZupgM5kfAUoC4c","F"
"QTVXD5s1ybzX2gBf2G95Mu","https://gosqas.org/record/QTVXD5s1ybzX2gBf2G95Mu","DMDM TQ1 lot 3","9RYmhyEwYZwL5vyUNWPA2Q","DMDM TQ1 lot 3 #122","TjHt42S3D9FSu3AbnWPp8e","https://gosqas.org/history/TjHt42S3D9FSu3AbnWPp8e","F"
"QTVXD5s1ybzX2gBf2G95Mu","https://gosqas.org/record/QTVXD5s1ybzX2gBf2G95Mu","DMDM TQ1 lot 3","9RYmhyEwYZwL5vyUNWPA2Q","DMDM TQ1 lot 3 #123","HdsbZAiY3W3yR4xgLnq4Bj","https://gosqas.org/history/HdsbZAiY3W3yR4xgLnq4Bj","F"
"QTVXD5s1ybzX2gBf2G95Mu","https://gosqas.org/record/QTVXD5s1ybzX2gBf2G95Mu","DMDM TQ1 lot 3","9RYmhyEwYZwL5vyUNWPA2Q","DMDM TQ1 lot 3 #124","ETWJ5jS4QZktcdkmbHLTsA","https://gosqas.org/history/ETWJ5jS4QZktcdkmbHLTsA","F"
"QTVXD5s1ybzX2gBf2G95Mu","https://gosqas.org/record/QTVXD5s1ybzX2gBf2G95Mu","DMDM TQ1 lot 3","9RYmhyEwYZwL5vyUNWPA2Q","DMDM TQ1 lot 3 #125","SZcH6dxZmRH7FTAzkaGktk","https://gosqas.org/history/SZcH6dxZmRH7FTAzkaGktk","F"
"QTVXD5s1ybzX2gBf2G95Mu","https://gosqas.org/record/QTVXD5s1ybzX2gBf2G95Mu","DMDM TQ1 lot 3","9RYmhyEwYZwL5vyUNWPA2Q","DMDM TQ1 lot 3 #126","A6otZX24ZUeXZPPyc4kWgS","https://gosqas.org/history/A6otZX24ZUeXZPPyc4kWgS","F"
"QTVXD5s1ybzX2gBf2G95Mu","https://gosqas.org/record/QTVXD5s1ybzX2gBf2G95Mu","DMDM TQ1 lot 3","9RYmhyEwYZwL5vyUNWPA2Q","DMDM TQ1 lot 3 #127","6FmfX4eH41i2AMCc6QZjCJ","https://gosqas.org/history/6FmfX4eH41i2AMCc6QZjCJ","F"
"QTVXD5s1ybzX2gBf2G95Mu","https://gosqas.org/record/QTVXD5s1ybzX2gBf2G95Mu","DMDM TQ1 lot 3","9RYmhyEwYZwL5vyUNWPA2Q","DMDM TQ1 lot 3 #128","G1k9bjABoGCbmBKceAbMPS","https://gosqas.org/history/G1k9bjABoGCbmBKceAbMPS","F"
"QTVXD5s1ybzX2gBf2G95Mu","https://gosqas.org/record/QTVXD5s1ybzX2gBf2G95Mu","DMDM TQ1 lot 3","9RYmhyEwYZwL5vyUNWPA2Q","DMDM TQ1 lot 3 #129","5u2ozX8ShGS72mtkDdnUrV","https://gosqas.org/history/5u2ozX8ShGS72mtkDdnUrV","F"
"QTVXD5s1ybzX2gBf2G95Mu","https://gosqas.org/record/QTVXD5s1ybzX2gBf2G95Mu","DMDM TQ1 lot 3","9RYmhyEwYZwL5vyUNWPA2Q","DMDM TQ1 lot 3 #130","4w5BHpvke2QfR4mEsKdNdz","https://gosqas.org/history/4w5BHpvke2QfR4mEsKdNdz","F"
"QTVXD5s1ybzX2gBf2G95Mu","https://gosqas.org/record/QTVXD5s1ybzX2gBf2G95Mu","DMDM TQ1 lot 3","9RYmhyEwYZwL5vyUNWPA2Q","DMDM TQ1 lot 3 #131","Ww5arLdEHVDkkoByS9xc5B","https://gosqas.org/history/Ww5arLdEHVDkkoByS9xc5B","F"
"QTVXD5s1ybzX2gBf2G95Mu","https://gosqas.org/record/QTVXD5s1ybzX2gBf2G95Mu","DMDM TQ1 lot 3","9RYmhyEwYZwL5vyUNWPA2Q","DMDM TQ1 lot 3 #132","5vtumjiLYxAv68KRJphrfa","https://gosqas.org/history/5vtumjiLYxAv68KRJphrfa","F"
"QTVXD5s1ybzX2gBf2G95Mu","https://gosqas.org/record/QTVXD5s1ybzX2gBf2G95Mu","DMDM TQ1 lot 3","9RYmhyEwYZwL5vyUNWPA2Q","DMDM TQ1 lot 3 #133","KTALkR4KeoHt9o66ex7ZyA","https://gosqas.org/history/KTALkR4KeoHt9o66ex7ZyA","F"
"QTVXD5s1ybzX2gBf2G95Mu","https://gosqas.org/record/QTVXD5s1ybzX2gBf2G95Mu","DMDM TQ1 lot 3","9RYmhyEwYZwL5vyUNWPA2Q","DMDM TQ1 lot 3 #134","CYS182Ej2SwSuCUk7e8ZFB","https://gosqas.org/history/CYS182Ej2SwSuCUk7e8ZFB","F"
"QTVXD5s1ybzX2gBf2G95Mu","https://gosqas.org/record/QTVXD5s1ybzX2gBf2G95Mu","DMDM TQ1 lot 3","9RYmhyEwYZwL5vyUNWPA2Q","DMDM TQ1 lot 3 #135","3z2TZ2adHEns7bahQw5hKw","https://gosqas.org/history/3z2TZ2adHEns7bahQw5hKw","F"
"QTVXD5s1ybzX2gBf2G95Mu","https://gosqas.org/record/QTVXD5s1ybzX2gBf2G95Mu","DMDM TQ1 lot 3","9RYmhyEwYZwL5vyUNWPA2Q","DMDM TQ1 lot 3 #136","FCWvwVKaDaQj3YioeuzdT9","https://gosqas.org/history/FCWvwVKaDaQj3YioeuzdT9","F"
"QTVXD5s1ybzX2gBf2G95Mu","https://gosqas.org/record/QTVXD5s1ybzX2gBf2G95Mu","DMDM TQ1 lot 3","9RYmhyEwYZwL5vyUNWPA2Q","DMDM TQ1 lot 3 #137","BjYFDtYrhCuxZpoeVobgem","https://gosqas.org/history/BjYFDtYrhCuxZpoeVobgem","F"
"QTVXD5s1ybzX2gBf2G95Mu","https://gosqas.org/record/QTVXD5s1ybzX2gBf2G95Mu","DMDM TQ1 lot 3","9RYmhyEwYZwL5vyUNWPA2Q","DMDM TQ1 lot 3 #138","LQUCq1opeKYya7iyX9na1D","https://gosqas.org/history/LQUCq1opeKYya7iyX9na1D","F"
"QTVXD5s1ybzX2gBf2G95Mu","https://gosqas.org/record/QTVXD5s1ybzX2gBf2G95Mu","DMDM TQ1 lot 3","9RYmhyEwYZwL5vyUNWPA2Q","DMDM TQ1 lot 3 #139","CGjg1ivkcmU6GSkxWo8BeW","https://gosqas.org/history/CGjg1ivkcmU6GSkxWo8BeW","F"
"QTVXD5s1ybzX2gBf2G95Mu","https://gosqas.org/record/QTVXD5s1ybzX2gBf2G95Mu","DMDM TQ1 lot 3","9RYmhyEwYZwL5vyUNWPA2Q","DMDM TQ1 lot 3 #140","TNKw6jH1YV8yTH2cbeUzda","https://gosqas.org/history/TNKw6jH1YV8yTH2cbeUzda","F"
"QTVXD5s1ybzX2gBf2G95Mu","https://gosqas.org/record/QTVXD5s1ybzX2gBf2G95Mu","DMDM TQ1 lot 3","9RYmhyEwYZwL5vyUNWPA2Q","DMDM TQ1 lot 3 #141","33SoTBfjZkHX6eAHk49NC8","https://gosqas.org/history/33SoTBfjZkHX6eAHk49NC8","F"
"QTVXD5s1ybzX2gBf2G95Mu","https://gosqas.org/record/QTVXD5s1ybzX2gBf2G95Mu","DMDM TQ1 lot 3","9RYmhyEwYZwL5vyUNWPA2Q","DMDM TQ1 lot 3 #142","L6FbbE9dh1bR7p8Bn9xA3u","https://gosqas.org/history/L6FbbE9dh1bR7p8Bn9xA3u","F"
"QTVXD5s1ybzX2gBf2G95Mu","https://gosqas.org/record/QTVXD5s1ybzX2gBf2G95Mu","DMDM TQ1 lot 3","9RYmhyEwYZwL5vyUNWPA2Q","DMDM TQ1 lot 3 #143","TpmjGaM4TBN85YpvtrqYtV","https://gosqas.org/history/TpmjGaM4TBN85YpvtrqYtV","F"
"QTVXD5s1ybzX2gBf2G95Mu","https://gosqas.org/record/QTVXD5s1ybzX2gBf2G95Mu","DMDM TQ1 lot 3","9RYmhyEwYZwL5vyUNWPA2Q","DMDM TQ1 lot 3 #144","6jj9xM1LBMjzWQsYU4EMBi","https://gosqas.org/history/6jj9xM1LBMjzWQsYU4EMBi","F"
"QTVXD5s1ybzX2gBf2G95Mu","https://gosqas.org/record/QTVXD5s1ybzX2gBf2G95Mu","DMDM TQ1 lot 3","9RYmhyEwYZwL5vyUNWPA2Q","DMDM TQ1 lot 3 #145","XuBYbfy2N5JvquGQNH6p2i","https://gosqas.org/history/XuBYbfy2N5JvquGQNH6p2i","F"
"QTVXD5s1ybzX2gBf2G95Mu","https://gosqas.org/record/QTVXD5s1ybzX2gBf2G95Mu","DMDM TQ1 lot 3","9RYmhyEwYZwL5vyUNWPA2Q","DMDM TQ1 lot 3 #146","DZA4tsoiCaeeTUfAKLhv7z","https://gosqas.org/history/DZA4tsoiCaeeTUfAKLhv7z","F"
"QTVXD5s1ybzX2gBf2G95Mu","https://gosqas.org/record/QTVXD5s1ybzX2gBf2G95Mu","DMDM TQ1 lot 3","9RYmhyEwYZwL5vyUNWPA2Q","DMDM TQ1 lot 3 #147","3r96ocw9Ma42RLepUscDvm","https://gosqas.org/history/3r96ocw9Ma42RLepUscDvm","F"
"QTVXD5s1ybzX2gBf2G95Mu","https://gosqas.org/record/QTVXD5s1ybzX2gBf2G95Mu","DMDM TQ1 lot 3","9RYmhyEwYZwL5vyUNWPA2Q","DMDM TQ1 lot 3 #148","UQibq67pVv1TB7CNR1Awe6","https://gosqas.org/history/UQibq67pVv1TB7CNR1Awe6","F"
"QTVXD5s1ybzX2gBf2G95Mu","https://gosqas.org/record/QTVXD5s1ybzX2gBf2G95Mu","DMDM TQ1 lot 3","9RYmhyEwYZwL5vyUNWPA2Q","DMDM TQ1 lot 3 #149","SRrXAW6SZV2kQ8iRofC39m","https://gosqas.org/history/SRrXAW6SZV2kQ8iRofC39m","F"
"QTVXD5s1ybzX2gBf2G95Mu","https://gosqas.org/record/QTVXD5s1ybzX2gBf2G95Mu","DMDM TQ1 lot 3","9RYmhyEwYZwL5vyUNWPA2Q","DMDM TQ1 lot 3 #150","EW4LwbChUgaQJNqBtHEf3q","https://gosqas.org/history/EW4LwbChUgaQJNqBtHEf3q","F"
"QTVXD5s1ybzX2gBf2G95Mu","https://gosqas.org/record/QTVXD5s1ybzX2gBf2G95Mu","DMDM TQ1 lot 3","9RYmhyEwYZwL5vyUNWPA2Q","DMDM TQ1 lot 3 #151","FipsAhh5gaWU3fTUMuFNKb","https://gosqas.org/history/FipsAhh5gaWU3fTUMuFNKb","F"
"QTVXD5s1ybzX2gBf2G95Mu","https://gosqas.org/record/QTVXD5s1ybzX2gBf2G95Mu","DMDM TQ1 lot 3","9RYmhyEwYZwL5vyUNWPA2Q","DMDM TQ1 lot 3 #152","67Xaq3UVpYDRT5SuntnrAo","https://gosqas.org/history/67Xaq3UVpYDRT5SuntnrAo","F"
"QTVXD5s1ybzX2gBf2G95Mu","https://gosqas.org/record/QTVXD5s1ybzX2gBf2G95Mu","DMDM TQ1 lot 3","9RYmhyEwYZwL5vyUNWPA2Q","DMDM TQ1 lot 3 #153","ENVWnFBkXxTSJwQHMZsddz","https://gosqas.org/history/ENVWnFBkXxTSJwQHMZsddz","F"
"QTVXD5s1ybzX2gBf2G95Mu","https://gosqas.org/record/QTVXD5s1ybzX2gBf2G95Mu","DMDM TQ1 lot 3","9RYmhyEwYZwL5vyUNWPA2Q","DMDM TQ1 lot 3 #154","CDJoUYebwFBuWvjtvhwY59","https://gosqas.org/history/CDJoUYebwFBuWvjtvhwY59","F"
"QTVXD5s1ybzX2gBf2G95Mu","https://gosqas.org/record/QTVXD5s1ybzX2gBf2G95Mu","DMDM TQ1 lot 3","9RYmhyEwYZwL5vyUNWPA2Q","DMDM TQ1 lot 3 #155","GPWUkyCJJ1zfZYig8P7r9G","https://gosqas.org/history/GPWUkyCJJ1zfZYig8P7r9G","F"
"QTVXD5s1ybzX2gBf2G95Mu","https://gosqas.org/record/QTVXD5s1ybzX2gBf2G95Mu","DMDM TQ1 lot 3","9RYmhyEwYZwL5vyUNWPA2Q","DMDM TQ1 lot 3 #156","XYSWxz6NUHf84TQrJ5gbkk","https://gosqas.org/history/XYSWxz6NUHf84TQrJ5gbkk","F"
"QTVXD5s1ybzX2gBf2G95Mu","https://gosqas.org/record/QTVXD5s1ybzX2gBf2G95Mu","DMDM TQ1 lot 3","9RYmhyEwYZwL5vyUNWPA2Q","DMDM TQ1 lot 3 #157","VCQ1phFQHgsHU9EXKzbtgs","https://gosqas.org/history/VCQ1phFQHgsHU9EXKzbtgs","F"
"QTVXD5s1ybzX2gBf2G95Mu","https://gosqas.org/record/QTVXD5s1ybzX2gBf2G95Mu","DMDM TQ1 lot 3","9RYmhyEwYZwL5vyUNWPA2Q","DMDM TQ1 lot 3 #158","Qx5Pk9FHimadteSZJeqKxB","https://gosqas.org/history/Qx5Pk9FHimadteSZJeqKxB","F"
"QTVXD5s1ybzX2gBf2G95Mu","https://gosqas.org/record/QTVXD5s1ybzX2gBf2G95Mu","DMDM TQ1 lot 3","9RYmhyEwYZwL5vyUNWPA2Q","DMDM TQ1 lot 3 #159","4qc3WzkE4LfdFaE6Tg8g2S","https://gosqas.org/history/4qc3WzkE4LfdFaE6Tg8g2S","F"
"QTVXD5s1ybzX2gBf2G95Mu","https://gosqas.org/record/QTVXD5s1ybzX2gBf2G95Mu","DMDM TQ1 lot 3","9RYmhyEwYZwL5vyUNWPA2Q","DMDM TQ1 lot 3 #160","LekkPgH15p18dMgNGNVsNH","https://gosqas.org/history/LekkPgH15p18dMgNGNVsNH","F"
"QTVXD5s1ybzX2gBf2G95Mu","https://gosqas.org/record/QTVXD5s1ybzX2gBf2G95Mu","DMDM TQ1 lot 3","9RYmhyEwYZwL5vyUNWPA2Q","DMDM TQ1 lot 3 #161","PNezG82iykKQiyhAa643JD","https://gosqas.org/history/PNezG82iykKQiyhAa643JD","F"
"QTVXD5s1ybzX2gBf2G95Mu","https://gosqas.org/record/QTVXD5s1ybzX2gBf2G95Mu","DMDM TQ1 lot 3","9RYmhyEwYZwL5vyUNWPA2Q","DMDM TQ1 lot 3 #162","GkPPo9rwbJs7UuPsNxJ1jX","https://gosqas.org/history/GkPPo9rwbJs7UuPsNxJ1jX","F"
"QTVXD5s1ybzX2gBf2G95Mu","https://gosqas.org/record/QTVXD5s1ybzX2gBf2G95Mu","DMDM TQ1 lot 3","9RYmhyEwYZwL5vyUNWPA2Q","DMDM TQ1 lot 3 #163","Wgfy4igu87DruRFqRLCCqh","https://gosqas.org/history/Wgfy4igu87DruRFqRLCCqh","F"
"QTVXD5s1ybzX2gBf2G95Mu","https://gosqas.org/record/QTVXD5s1ybzX2gBf2G95Mu","DMDM TQ1 lot 3","9RYmhyEwYZwL5vyUNWPA2Q","DMDM TQ1 lot 3 #164","T2eeYsAqpCukWo962kiwK6","https://gosqas.org/history/T2eeYsAqpCukWo962kiwK6","F"
"QTVXD5s1ybzX2gBf2G95Mu","https://gosqas.org/record/QTVXD5s1ybzX2gBf2G95Mu","DMDM TQ1 lot 3","9RYmhyEwYZwL5vyUNWPA2Q","DMDM TQ1 lot 3 #165","L6LUF4ymz5kq91LD6dRV2M","https://gosqas.org/history/L6LUF4ymz5kq91LD6dRV2M","F"
"QTVXD5s1ybzX2gBf2G95Mu","https://gosqas.org/record/QTVXD5s1ybzX2gBf2G95Mu","DMDM TQ1 lot 3","9RYmhyEwYZwL5vyUNWPA2Q","DMDM TQ1 lot 3 #166","RudFZaAHfdFVWpNkxLdHRJ","https://gosqas.org/history/RudFZaAHfdFVWpNkxLdHRJ","F"
"QTVXD5s1ybzX2gBf2G95Mu","https://gosqas.org/record/QTVXD5s1ybzX2gBf2G95Mu","DMDM TQ1 lot 3","9RYmhyEwYZwL5vyUNWPA2Q","DMDM TQ1 lot 3 #167","KQXNJMrW1m9dGvp7KFVQE4","https://gosqas.org/history/KQXNJMrW1m9dGvp7KFVQE4","F"
"QTVXD5s1ybzX2gBf2G95Mu","https://gosqas.org/record/QTVXD5s1ybzX2gBf2G95Mu","DMDM TQ1 lot 3","9RYmhyEwYZwL5vyUNWPA2Q","DMDM TQ1 lot 3 #168","HZGh1fxdDrj7jSE7ez6xkb","https://gosqas.org/history/HZGh1fxdDrj7jSE7ez6xkb","F"
"QTVXD5s1ybzX2gBf2G95Mu","https://gosqas.org/record/QTVXD5s1ybzX2gBf2G95Mu","DMDM TQ1 lot 3","9RYmhyEwYZwL5vyUNWPA2Q","DMDM TQ1 lot 3 #169","4i4cv4zpxxzS2ZycKd788k","https://gosqas.org/history/4i4cv4zpxxzS2ZycKd788k","F"
"QTVXD5s1ybzX2gBf2G95Mu","https://gosqas.org/record/QTVXD5s1ybzX2gBf2G95Mu","DMDM TQ1 lot 3","9RYmhyEwYZwL5vyUNWPA2Q","DMDM TQ1 lot 3 #170","VMHSfHUf3As7yjQojV3qAa","https://gosqas.org/history/VMHSfHUf3As7yjQojV3qAa","F"
"QTVXD5s1ybzX2gBf2G95Mu","https://gosqas.org/record/QTVXD5s1ybzX2gBf2G95Mu","DMDM TQ1 lot 3","9RYmhyEwYZwL5vyUNWPA2Q","DMDM TQ1 lot 3 #171","9SBYm7XzdoaRo9YSoCEEjx","https://gosqas.org/history/9SBYm7XzdoaRo9YSoCEEjx","F"
"QTVXD5s1ybzX2gBf2G95Mu","https://gosqas.org/record/QTVXD5s1ybzX2gBf2G95Mu","DMDM TQ1 lot 3","9RYmhyEwYZwL5vyUNWPA2Q","DMDM TQ1 lot 3 #172","SLNqvUn9V153TabS7UgyCe","https://gosqas.org/history/SLNqvUn9V153TabS7UgyCe","F"
"QTVXD5s1ybzX2gBf2G95Mu","https://gosqas.org/record/QTVXD5s1ybzX2gBf2G95Mu","DMDM TQ1 lot 3","9RYmhyEwYZwL5vyUNWPA2Q","DMDM TQ1 lot 3 #173","7HTH2bBC7aoHAA2G4H5uq5","https://gosqas.org/history/7HTH2bBC7aoHAA2G4H5uq5","F"
"QTVXD5s1ybzX2gBf2G95Mu","https://gosqas.org/record/QTVXD5s1ybzX2gBf2G95Mu","DMDM TQ1 lot 3","9RYmhyEwYZwL5vyUNWPA2Q","DMDM TQ1 lot 3 #174","5uqGepd8R2NXmAbFByAmgi","https://gosqas.org/history/5uqGepd8R2NXmAbFByAmgi","F"
"QTVXD5s1ybzX2gBf2G95Mu","https://gosqas.org/record/QTVXD5s1ybzX2gBf2G95Mu","DMDM TQ1 lot 3","9RYmhyEwYZwL5vyUNWPA2Q","DMDM TQ1 lot 3 #175","631mWMGu2kPFRz5fHaqjh5","https://gosqas.org/history/631mWMGu2kPFRz5fHaqjh5","F"
"QTVXD5s1ybzX2gBf2G95Mu","https://gosqas.org/record/QTVXD5s1ybzX2gBf2G95Mu","DMDM TQ1 lot 3","9RYmhyEwYZwL5vyUNWPA2Q","DMDM TQ1 lot 3 #176","LqB8tfvKUARxTjPtGa2vLS","https://gosqas.org/history/LqB8tfvKUARxTjPtGa2vLS","F"
"QTVXD5s1ybzX2gBf2G95Mu","https://gosqas.org/record/QTVXD5s1ybzX2gBf2G95Mu","DMDM TQ1 lot 3","9RYmhyEwYZwL5vyUNWPA2Q","DMDM TQ1 lot 3 #177","9apCoP1LfvQpnq6Y2UdB9R","https://gosqas.org/history/9apCoP1LfvQpnq6Y2UdB9R","F"
"QTVXD5s1ybzX2gBf2G95Mu","https://gosqas.org/record/QTVXD5s1ybzX2gBf2G95Mu","DMDM TQ1 lot 3","9RYmhyEwYZwL5vyUNWPA2Q","DMDM TQ1 lot 3 #178","AYSnDNrgAGivqovYUDH7w2","https://gosqas.org/history/AYSnDNrgAGivqovYUDH7w2","F"
"QTVXD5s1ybzX2gBf2G95Mu","https://gosqas.org/record/QTVXD5s1ybzX2gBf2G95Mu","DMDM TQ1 lot 3","9RYmhyEwYZwL5vyUNWPA2Q","DMDM TQ1 lot 3 #179","7j9LMbYAJemf7KRpanYhEK","https://gosqas.org/history/7j9LMbYAJemf7KRpanYhEK","F"
"QTVXD5s1ybzX2gBf2G95Mu","https://gosqas.org/record/QTVXD5s1ybzX2gBf2G95Mu","DMDM TQ1 lot 3","9RYmhyEwYZwL5vyUNWPA2Q","DMDM TQ1 lot 3 #180","Ls9Nd6yu5xxpPxp6CRuFSZ","https://gosqas.org/history/Ls9Nd6yu5xxpPxp6CRuFSZ","F"
"QTVXD5s1ybzX2gBf2G95Mu","https://gosqas.org/record/QTVXD5s1ybzX2gBf2G95Mu","DMDM TQ1 lot 3","9RYmhyEwYZwL5vyUNWPA2Q","DMDM TQ1 lot 3 #181","2sxxHcuC5f915Adpwv4z4x","https://gosqas.org/history/2sxxHcuC5f915Adpwv4z4x","F"
"QTVXD5s1ybzX2gBf2G95Mu","https://gosqas.org/record/QTVXD5s1ybzX2gBf2G95Mu","DMDM TQ1 lot 3","9RYmhyEwYZwL5vyUNWPA2Q","DMDM TQ1 lot 3 #182","4AQEygTz3S6vqhpbNz2dyX","https://gosqas.org/history/4AQEygTz3S6vqhpbNz2dyX","F"
"QTVXD5s1ybzX2gBf2G95Mu","https://gosqas.org/record/QTVXD5s1ybzX2gBf2G95Mu","DMDM TQ1 lot 3","9RYmhyEwYZwL5vyUNWPA2Q","DMDM TQ1 lot 3 #183","QeMnd61bu4us5M689A2wbx","https://gosqas.org/history/QeMnd61bu4us5M689A2wbx","F"
"QTVXD5s1ybzX2gBf2G95Mu","https://gosqas.org/record/QTVXD5s1ybzX2gBf2G95Mu","DMDM TQ1 lot 3","9RYmhyEwYZwL5vyUNWPA2Q","DMDM TQ1 lot 3 #184","AvEcDKEyUN3eJPeNNEZTxo","https://gosqas.org/history/AvEcDKEyUN3eJPeNNEZTxo","F"
"QTVXD5s1ybzX2gBf2G95Mu","https://gosqas.org/record/QTVXD5s1ybzX2gBf2G95Mu","DMDM TQ1 lot 3","9RYmhyEwYZwL5vyUNWPA2Q","DMDM TQ1 lot 3 #185","WZJFt9rCk1s3BPNdcAhPu9","https://gosqas.org/history/WZJFt9rCk1s3BPNdcAhPu9","F"
"QTVXD5s1ybzX2gBf2G95Mu","https://gosqas.org/record/QTVXD5s1ybzX2gBf2G95Mu","DMDM TQ1 lot 3","9RYmhyEwYZwL5vyUNWPA2Q","DMDM TQ1 lot 3 #186","JYi6ix3wKr8PJh6HY9ZdJg","https://gosqas.org/history/JYi6ix3wKr8PJh6HY9ZdJg","F"
"QTVXD5s1ybzX2gBf2G95Mu","https://gosqas.org/record/QTVXD5s1ybzX2gBf2G95Mu","DMDM TQ1 lot 3","9RYmhyEwYZwL5vyUNWPA2Q","DMDM TQ1 lot 3 #187","UPfMEpY54Vmm9cLD889eaQ","https://gosqas.org/history/UPfMEpY54Vmm9cLD889eaQ","F"
"QTVXD5s1ybzX2gBf2G95Mu","https://gosqas.org/record/QTVXD5s1ybzX2gBf2G95Mu","DMDM TQ1 lot 3","9RYmhyEwYZwL5vyUNWPA2Q","DMDM TQ1 lot 3 #188","5hzxBatHWnSgfYkdeiaG6e","https://gosqas.org/history/5hzxBatHWnSgfYkdeiaG6e","F"
"QTVXD5s1ybzX2gBf2G95Mu","https://gosqas.org/record/QTVXD5s1ybzX2gBf2G95Mu","DMDM TQ1 lot 3","9RYmhyEwYZwL5vyUNWPA2Q","DMDM TQ1 lot 3 #189","JCDFFeBVQB8nvWiLBwA4F7","https://gosqas.org/history/JCDFFeBVQB8nvWiLBwA4F7","F"
"QTVXD5s1ybzX2gBf2G95Mu","https://gosqas.org/record/QTVXD5s1ybzX2gBf2G95Mu","DMDM TQ1 lot 3","9RYmhyEwYZwL5vyUNWPA2Q","DMDM TQ1 lot 3 #190","WMifHQx8rV2ph2aRcSiCNr","https://gosqas.org/history/WMifHQx8rV2ph2aRcSiCNr","F"
"QTVXD5s1ybzX2gBf2G95Mu","https://gosqas.org/record/QTVXD5s1ybzX2gBf2G95Mu","DMDM TQ1 lot 3","9RYmhyEwYZwL5vyUNWPA2Q","DMDM TQ1 lot 3 #191","QnP5gkWR1jhbRPPu5xD41z","https://gosqas.org/history/QnP5gkWR1jhbRPPu5xD41z","F"
"QTVXD5s1ybzX2gBf2G95Mu","https://gosqas.org/record/QTVXD5s1ybzX2gBf2G95Mu","DMDM TQ1 lot 3","9RYmhyEwYZwL5vyUNWPA2Q","DMDM TQ1 lot 3 #192","4bLHTP5JC6GKouoryiQWaD","https://gosqas.org/history/4bLHTP5JC6GKouoryiQWaD","F"
"QTVXD5s1ybzX2gBf2G95Mu","https://gosqas.org/record/QTVXD5s1ybzX2gBf2G95Mu","DMDM TQ1 lot 3","9RYmhyEwYZwL5vyUNWPA2Q","DMDM TQ1 lot 3 #193","V588rtzRs96m7Xdg3zjbJR","https://gosqas.org/history/V588rtzRs96m7Xdg3zjbJR","F"
"QTVXD5s1ybzX2gBf2G95Mu","https://gosqas.org/record/QTVXD5s1ybzX2gBf2G95Mu","DMDM TQ1 lot 3","9RYmhyEwYZwL5vyUNWPA2Q","DMDM TQ1 lot 3 #194","WvqcqcJ7myZ675hVNPgf34","https://gosqas.org/history/WvqcqcJ7myZ675hVNPgf34","F"
"QTVXD5s1ybzX2gBf2G95Mu","https://gosqas.org/record/QTVXD5s1ybzX2gBf2G95Mu","DMDM TQ1 lot 3","9RYmhyEwYZwL5vyUNWPA2Q","DMDM TQ1 lot 3 #195","K4Vr15hPiWkfTF53Qv2jrr","https://gosqas.org/history/K4Vr15hPiWkfTF53Qv2jrr","F"
"QTVXD5s1ybzX2gBf2G95Mu","https://gosqas.org/record/QTVXD5s1ybzX2gBf2G95Mu","DMDM TQ1 lot 3","9RYmhyEwYZwL5vyUNWPA2Q","DMDM TQ1 lot 3 #196","QsWBTqeUrkjBF4TRMJVmDk","https://gosqas.org/history/QsWBTqeUrkjBF4TRMJVmDk","F"
"QTVXD5s1ybzX2gBf2G95Mu","https://gosqas.org/record/QTVXD5s1ybzX2gBf2G95Mu","DMDM TQ1 lot 3","9RYmhyEwYZwL5vyUNWPA2Q","DMDM TQ1 lot 3 #197","NfsjPFVXB8WVBQp5iB7bgC","https://gosqas.org/history/NfsjPFVXB8WVBQp5iB7bgC","F"
"QTVXD5s1ybzX2gBf2G95Mu","https://gosqas.org/record/QTVXD5s1ybzX2gBf2G95Mu","DMDM TQ1 lot 3","9RYmhyEwYZwL5vyUNWPA2Q","DMDM TQ1 lot 3 #198","DyAP3LnzaFVfDfRZDnu8Qz","https://gosqas.org/history/DyAP3LnzaFVfDfRZDnu8Qz","F"
"QTVXD5s1ybzX2gBf2G95Mu","https://gosqas.org/record/QTVXD5s1ybzX2gBf2G95Mu","DMDM TQ1 lot 3","9RYmhyEwYZwL5vyUNWPA2Q","DMDM TQ1 lot 3 #199","XN7n6g273F4aR5XkscLQFB","https://gosqas.org/history/XN7n6g273F4aR5XkscLQFB","F"
"QTVXD5s1ybzX2gBf2G95Mu","https://gosqas.org/record/QTVXD5s1ybzX2gBf2G95Mu","DMDM TQ1 lot 3","9RYmhyEwYZwL5vyUNWPA2Q","DMDM TQ1 lot 3 #200","DMYBJDp22oG7xXcHTy38NF","https://gosqas.org/history/DMYBJDp22oG7xXcHTy38NF","F"
"QTVXD5s1ybzX2gBf2G95Mu","https://gosqas.org/record/QTVXD5s1ybzX2gBf2G95Mu","DMDM TQ1 lot 3","9RYmhyEwYZwL5vyUNWPA2Q","DMDM TQ1 lot 3 #201","SiwZfxvb5ccAUq1b5PPaC2","https://gosqas.org/history/SiwZfxvb5ccAUq1b5PPaC2","F"
"QTVXD5s1ybzX2gBf2G95Mu","https://gosqas.org/record/QTVXD5s1ybzX2gBf2G95Mu","DMDM TQ1 lot 3","9RYmhyEwYZwL5vyUNWPA2Q","DMDM TQ1 lot 3 #202","Kxwn4LhhLr5sGopFveXxxK","https://gosqas.org/history/Kxwn4LhhLr5sGopFveXxxK","F"
"QTVXD5s1ybzX2gBf2G95Mu","https://gosqas.org/record/QTVXD5s1ybzX2gBf2G95Mu","DMDM TQ1 lot 3","9RYmhyEwYZwL5vyUNWPA2Q","DMDM TQ1 lot 3 #203","FVpFfmqdGNKrrDyzkLyvzS","https://gosqas.org/history/FVpFfmqdGNKrrDyzkLyvzS","F"
"QTVXD5s1ybzX2gBf2G95Mu","https://gosqas.org/record/QTVXD5s1ybzX2gBf2G95Mu","DMDM TQ1 lot 3","9RYmhyEwYZwL5vyUNWPA2Q","DMDM TQ1 lot 3 #204","K5dfmKaNANLwu6aytn5t19","https://gosqas.org/history/K5dfmKaNANLwu6aytn5t19","F"
"QTVXD5s1ybzX2gBf2G95Mu","https://gosqas.org/record/QTVXD5s1ybzX2gBf2G95Mu","DMDM TQ1 lot 3","9RYmhyEwYZwL5vyUNWPA2Q","DMDM TQ1 lot 3 #205","XYUAsr1JooAWjuCsrbt4Kq","https://gosqas.org/history/XYUAsr1JooAWjuCsrbt4Kq","F"
"QTVXD5s1ybzX2gBf2G95Mu","https://gosqas.org/record/QTVXD5s1ybzX2gBf2G95Mu","DMDM TQ1 lot 3","9RYmhyEwYZwL5vyUNWPA2Q","DMDM TQ1 lot 3 #206","G8KWe68EQRqfkBK2eNmfxy","https://gosqas.org/history/G8KWe68EQRqfkBK2eNmfxy","F"
"QTVXD5s1ybzX2gBf2G95Mu","https://gosqas.org/record/QTVXD5s1ybzX2gBf2G95Mu","DMDM TQ1 lot 3","9RYmhyEwYZwL5vyUNWPA2Q","DMDM TQ1 lot 3 #207","YYUoNQ67A7khPPaJaUK2D8","https://gosqas.org/history/YYUoNQ67A7khPPaJaUK2D8","F"
"QTVXD5s1ybzX2gBf2G95Mu","https://gosqas.org/record/QTVXD5s1ybzX2gBf2G95Mu","DMDM TQ1 lot 3","9RYmhyEwYZwL5vyUNWPA2Q","DMDM TQ1 lot 3 #208","VHckYWc9fQuD6tunJ79Q6b","https://gosqas.org/history/VHckYWc9fQuD6tunJ79Q6b","F"
"QTVXD5s1ybzX2gBf2G95Mu","https://gosqas.org/record/QTVXD5s1ybzX2gBf2G95Mu","DMDM TQ1 lot 3","9RYmhyEwYZwL5vyUNWPA2Q","DMDM TQ1 lot 3 #209","BMmjpB9HQVZZrtm2GmiXdk","https://gosqas.org/history/BMmjpB9HQVZZrtm2GmiXdk","F"
"QTVXD5s1ybzX2gBf2G95Mu","https://gosqas.org/record/QTVXD5s1ybzX2gBf2G95Mu","DMDM TQ1 lot 3","9RYmhyEwYZwL5vyUNWPA2Q","DMDM TQ1 lot 3 #210","QjEKaKkNdhdtVGLa1YxU2r","https://gosqas.org/history/QjEKaKkNdhdtVGLa1YxU2r","F"
"QTVXD5s1ybzX2gBf2G95Mu","https://gosqas.org/record/QTVXD5s1ybzX2gBf2G95Mu","DMDM TQ1 lot 3","9RYmhyEwYZwL5vyUNWPA2Q","DMDM TQ1 lot 3 #211","QwxToYQnWb1SXpZAkVzrfV","https://gosqas.org/history/QwxToYQnWb1SXpZAkVzrfV","F"
"QTVXD5s1ybzX2gBf2G95Mu","https://gosqas.org/record/QTVXD5s1ybzX2gBf2G95Mu","DMDM TQ1 lot 3","9RYmhyEwYZwL5vyUNWPA2Q","DMDM TQ1 lot 3 #212","UWkvEfiHkaN5V9m9zNtDoU","https://gosqas.org/history/UWkvEfiHkaN5V9m9zNtDoU","F"
"QTVXD5s1ybzX2gBf2G95Mu","https://gosqas.org/record/QTVXD5s1ybzX2gBf2G95Mu","DMDM TQ1 lot 3","9RYmhyEwYZwL5vyUNWPA2Q","DMDM TQ1 lot 3 #213","DuLC1qYEcnzhbMeDRFXqGL","https://gosqas.org/history/DuLC1qYEcnzhbMeDRFXqGL","F"
"QTVXD5s1ybzX2gBf2G95Mu","https://gosqas.org/record/QTVXD5s1ybzX2gBf2G95Mu","DMDM TQ1 lot 3","9RYmhyEwYZwL5vyUNWPA2Q","DMDM TQ1 lot 3 #214","59JDv6xB4hGkjBQhe6h7uK","https://gosqas.org/history/59JDv6xB4hGkjBQhe6h7uK","F"
"QTVXD5s1ybzX2gBf2G95Mu","https://gosqas.org/record/QTVXD5s1ybzX2gBf2G95Mu","DMDM TQ1 lot 3","9RYmhyEwYZwL5vyUNWPA2Q","DMDM TQ1 lot 3 #215","S4pxgQxhoVt798DyRyTtz7","https://gosqas.org/history/S4pxgQxhoVt798DyRyTtz7","F"
"QTVXD5s1ybzX2gBf2G95Mu","https://gosqas.org/record/QTVXD5s1ybzX2gBf2G95Mu","DMDM TQ1 lot 3","9RYmhyEwYZwL5vyUNWPA2Q","DMDM TQ1 lot 3 #216","U7ruGYbfw3JGjvK3o8kQZ8","https://gosqas.org/history/U7ruGYbfw3JGjvK3o8kQZ8","F"
"QTVXD5s1ybzX2gBf2G95Mu","https://gosqas.org/record/QTVXD5s1ybzX2gBf2G95Mu","DMDM TQ1 lot 3","9RYmhyEwYZwL5vyUNWPA2Q","DMDM TQ1 lot 3 #217","6Rd8bd3aUvTLzqQCHosk7Z","https://gosqas.org/history/6Rd8bd3aUvTLzqQCHosk7Z","F"
"QTVXD5s1ybzX2gBf2G95Mu","https://gosqas.org/record/QTVXD5s1ybzX2gBf2G95Mu","DMDM TQ1 lot 3","9RYmhyEwYZwL5vyUNWPA2Q","DMDM TQ1 lot 3 #218","GZBQZWdog5bM9Cfeen4XYy","https://gosqas.org/history/GZBQZWdog5bM9Cfeen4XYy","F"
"QTVXD5s1ybzX2gBf2G95Mu","https://gosqas.org/record/QTVXD5s1ybzX2gBf2G95Mu","DMDM TQ1 lot 3","9RYmhyEwYZwL5vyUNWPA2Q","DMDM TQ1 lot 3 #219","DciTL4w2jj8GpEo1csQUfK","https://gosqas.org/history/DciTL4w2jj8GpEo1csQUfK","F"
"QTVXD5s1ybzX2gBf2G95Mu","https://gosqas.org/record/QTVXD5s1ybzX2gBf2G95Mu","DMDM TQ1 lot 3","9RYmhyEwYZwL5vyUNWPA2Q","DMDM TQ1 lot 3 #220","2q3ekqKvrzrHhPthZZ2YsN","https://gosqas.org/history/2q3ekqKvrzrHhPthZZ2YsN","F"
"QTVXD5s1ybzX2gBf2G95Mu","https://gosqas.org/record/QTVXD5s1ybzX2gBf2G95Mu","DMDM TQ1 lot 3","9RYmhyEwYZwL5vyUNWPA2Q","DMDM TQ1 lot 3 #221","SqAh8S23WfE8m9uvz1NVVD","https://gosqas.org/history/SqAh8S23WfE8m9uvz1NVVD","F"
"QTVXD5s1ybzX2gBf2G95Mu","https://gosqas.org/record/QTVXD5s1ybzX2gBf2G95Mu","DMDM TQ1 lot 3","9RYmhyEwYZwL5vyUNWPA2Q","DMDM TQ1 lot 3 #222","Mimn4yZn8C5yCpbQ4dVmC1","https://gosqas.org/history/Mimn4yZn8C5yCpbQ4dVmC1","F"
"QTVXD5s1ybzX2gBf2G95Mu","https://gosqas.org/record/QTVXD5s1ybzX2gBf2G95Mu","DMDM TQ1 lot 3","9RYmhyEwYZwL5vyUNWPA2Q","DMDM TQ1 lot 3 #223","BwHoXf5scA9p7wBn96LNhz","https://gosqas.org/history/BwHoXf5scA9p7wBn96LNhz","F"
"QTVXD5s1ybzX2gBf2G95Mu","https://gosqas.org/record/QTVXD5s1ybzX2gBf2G95Mu","DMDM TQ1 lot 3","9RYmhyEwYZwL5vyUNWPA2Q","DMDM TQ1 lot 3 #224","VN2WbmDckDkJ2sE9nZwsZr","https://gosqas.org/history/VN2WbmDckDkJ2sE9nZwsZr","F"
"QTVXD5s1ybzX2gBf2G95Mu","https://gosqas.org/record/QTVXD5s1ybzX2gBf2G95Mu","DMDM TQ1 lot 3","9RYmhyEwYZwL5vyUNWPA2Q","DMDM TQ1 lot 3 #225","7nh5mXKkaSjWRLSBYa7jjx","https://gosqas.org/history/7nh5mXKkaSjWRLSBYa7jjx","F"
"QTVXD5s1ybzX2gBf2G95Mu","https://gosqas.org/record/QTVXD5s1ybzX2gBf2G95Mu","DMDM TQ1 lot 3","9RYmhyEwYZwL5vyUNWPA2Q","DMDM TQ1 lot 3 #226","9CBfTJg5wDjDSv29E9Z6JY","https://gosqas.org/history/9CBfTJg5wDjDSv29E9Z6JY","F"
"QTVXD5s1ybzX2gBf2G95Mu","https://gosqas.org/record/QTVXD5s1ybzX2gBf2G95Mu","DMDM TQ1 lot 3","9RYmhyEwYZwL5vyUNWPA2Q","DMDM TQ1 lot 3 #227","S3mZ5f48GTXSHbpocZkMhs","https://gosqas.org/history/S3mZ5f48GTXSHbpocZkMhs","F"
"QTVXD5s1ybzX2gBf2G95Mu","https://gosqas.org/record/QTVXD5s1ybzX2gBf2G95Mu","DMDM TQ1 lot 3","9RYmhyEwYZwL5vyUNWPA2Q","DMDM TQ1 lot 3 #228","3TBTdbiE6VQ1W7vm3GE3yY","https://gosqas.org/history/3TBTdbiE6VQ1W7vm3GE3yY","F"
"QTVXD5s1ybzX2gBf2G95Mu","https://gosqas.org/record/QTVXD5s1ybzX2gBf2G95Mu","DMDM TQ1 lot 3","9RYmhyEwYZwL5vyUNWPA2Q","DMDM TQ1 lot 3 #229","29RexHh69SC4JNf52yGnYU","https://gosqas.org/history/29RexHh69SC4JNf52yGnYU","F"
"QTVXD5s1ybzX2gBf2G95Mu","https://gosqas.org/record/QTVXD5s1ybzX2gBf2G95Mu","DMDM TQ1 lot 3","9RYmhyEwYZwL5vyUNWPA2Q","DMDM TQ1 lot 3 #230","F7aNbQLqRaTmHZ6bq7ADqQ","https://gosqas.org/history/F7aNbQLqRaTmHZ6bq7ADqQ","F"
"QTVXD5s1ybzX2gBf2G95Mu","https://gosqas.org/record/QTVXD5s1ybzX2gBf2G95Mu","DMDM TQ1 lot 3","9RYmhyEwYZwL5vyUNWPA2Q","DMDM TQ1 lot 3 #231","JvJ2D5Z51DdFv7AjVT4ZQ9","https://gosqas.org/history/JvJ2D5Z51DdFv7AjVT4ZQ9","F"
"QTVXD5s1ybzX2gBf2G95Mu","https://gosqas.org/record/QTVXD5s1ybzX2gBf2G95Mu","DMDM TQ1 lot 3","9RYmhyEwYZwL5vyUNWPA2Q","DMDM TQ1 lot 3 #232","Jw9igoftyUxfj6VmRz89X3","https://gosqas.org/history/Jw9igoftyUxfj6VmRz89X3","F"
"QTVXD5s1ybzX2gBf2G95Mu","https://gosqas.org/record/QTVXD5s1ybzX2gBf2G95Mu","DMDM TQ1 lot 3","9RYmhyEwYZwL5vyUNWPA2Q","DMDM TQ1 lot 3 #233","GRbHE7zYmkLtogqtzW5Svq","https://gosqas.org/history/GRbHE7zYmkLtogqtzW5Svq","F"
"QTVXD5s1ybzX2gBf2G95Mu","https://gosqas.org/record/QTVXD5s1ybzX2gBf2G95Mu","DMDM TQ1 lot 3","9RYmhyEwYZwL5vyUNWPA2Q","DMDM TQ1 lot 3 #234","MVUb46dUw812AJq3cLEVvy","https://gosqas.org/history/MVUb46dUw812AJq3cLEVvy","F"
"QTVXD5s1ybzX2gBf2G95Mu","https://gosqas.org/record/QTVXD5s1ybzX2gBf2G95Mu","DMDM TQ1 lot 3","9RYmhyEwYZwL5vyUNWPA2Q","DMDM TQ1 lot 3 #235","2LxXv6ayo9Gbi7TeeKr6UH","https://gosqas.org/history/2LxXv6ayo9Gbi7TeeKr6UH","F"
"QTVXD5s1ybzX2gBf2G95Mu","https://gosqas.org/record/QTVXD5s1ybzX2gBf2G95Mu","DMDM TQ1 lot 3","9RYmhyEwYZwL5vyUNWPA2Q","DMDM TQ1 lot 3 #236","6KYn4zkczvPF6ycUYaTN4m","https://gosqas.org/history/6KYn4zkczvPF6ycUYaTN4m","F"
"QTVXD5s1ybzX2gBf2G95Mu","https://gosqas.org/record/QTVXD5s1ybzX2gBf2G95Mu","DMDM TQ1 lot 3","9RYmhyEwYZwL5vyUNWPA2Q","DMDM TQ1 lot 3 #237","Shaa858YBAKvEhFVXf99ch","https://gosqas.org/history/Shaa858YBAKvEhFVXf99ch","F"
"QTVXD5s1ybzX2gBf2G95Mu","https://gosqas.org/record/QTVXD5s1ybzX2gBf2G95Mu","DMDM TQ1 lot 3","9RYmhyEwYZwL5vyUNWPA2Q","DMDM TQ1 lot 3 #238","3WTt1jczS65HGsnRj1vXhh","https://gosqas.org/history/3WTt1jczS65HGsnRj1vXhh","F"
"QTVXD5s1ybzX2gBf2G95Mu","https://gosqas.org/record/QTVXD5s1ybzX2gBf2G95Mu","DMDM TQ1 lot 3","9RYmhyEwYZwL5vyUNWPA2Q","DMDM TQ1 lot 3 #239","KFALqrBfAQ1D1MkiptgdbW","https://gosqas.org/history/KFALqrBfAQ1D1MkiptgdbW","F"
"QTVXD5s1ybzX2gBf2G95Mu","https://gosqas.org/record/QTVXD5s1ybzX2gBf2G95Mu","DMDM TQ1 lot 3","9RYmhyEwYZwL5vyUNWPA2Q","DMDM TQ1 lot 3 #240","323iUkEx8gaEhdU3fJv2Re","https://gosqas.org/history/323iUkEx8gaEhdU3fJv2Re","F"
"QTVXD5s1ybzX2gBf2G95Mu","https://gosqas.org/record/QTVXD5s1ybzX2gBf2G95Mu","DMDM TQ1 lot 3","9RYmhyEwYZwL5vyUNWPA2Q","DMDM TQ1 lot 3 #241","QP71r9jYpzG7sSfcQkCNN7","https://gosqas.org/history/QP71r9jYpzG7sSfcQkCNN7","F"
"QTVXD5s1ybzX2gBf2G95Mu","https://gosqas.org/record/QTVXD5s1ybzX2gBf2G95Mu","DMDM TQ1 lot 3","9RYmhyEwYZwL5vyUNWPA2Q","DMDM TQ1 lot 3 #242","BEacyzQoBCnUhKyH3LQHbe","https://gosqas.org/history/BEacyzQoBCnUhKyH3LQHbe","F"
"QTVXD5s1ybzX2gBf2G95Mu","https://gosqas.org/record/QTVXD5s1ybzX2gBf2G95Mu","DMDM TQ1 lot 3","9RYmhyEwYZwL5vyUNWPA2Q","DMDM TQ1 lot 3 #243","5FDDBfgMCg9JsiKDskJx9H","https://gosqas.org/history/5FDDBfgMCg9JsiKDskJx9H","F"
"QTVXD5s1ybzX2gBf2G95Mu","https://gosqas.org/record/QTVXD5s1ybzX2gBf2G95Mu","DMDM TQ1 lot 3","9RYmhyEwYZwL5vyUNWPA2Q","DMDM TQ1 lot 3 #244","12JHSNJYnTjrcAEsRjbRCP","https://gosqas.org/history/12JHSNJYnTjrcAEsRjbRCP","F"
"QTVXD5s1ybzX2gBf2G95Mu","https://gosqas.org/record/QTVXD5s1ybzX2gBf2G95Mu","DMDM TQ1 lot 3","9RYmhyEwYZwL5vyUNWPA2Q","DMDM TQ1 lot 3 #245","DhTZzGKJLnUHtUn7Nttrh1","https://gosqas.org/history/DhTZzGKJLnUHtUn7Nttrh1","F"
"QTVXD5s1ybzX2gBf2G95Mu","https://gosqas.org/record/QTVXD5s1ybzX2gBf2G95Mu","DMDM TQ1 lot 3","9RYmhyEwYZwL5vyUNWPA2Q","DMDM TQ1 lot 3 #246","KUt7SGZfNLEKvdaLcNwTZe","https://gosqas.org/history/KUt7SGZfNLEKvdaLcNwTZe","F"
"QTVXD5s1ybzX2gBf2G95Mu","https://gosqas.org/record/QTVXD5s1ybzX2gBf2G95Mu","DMDM TQ1 lot 3","9RYmhyEwYZwL5vyUNWPA2Q","DMDM TQ1 lot 3 #247","G5X7KQGjGwaY75nQfP7ehS","https://gosqas.org/history/G5X7KQGjGwaY75nQfP7ehS","F"
"QTVXD5s1ybzX2gBf2G95Mu","https://gosqas.org/record/QTVXD5s1ybzX2gBf2G95Mu","DMDM TQ1 lot 3","9RYmhyEwYZwL5vyUNWPA2Q","DMDM TQ1 lot 3 #248","GuiM8Kr2q1fWny2cns9U5p","https://gosqas.org/history/GuiM8Kr2q1fWny2cns9U5p","F"
"QTVXD5s1ybzX2gBf2G95Mu","https://gosqas.org/record/QTVXD5s1ybzX2gBf2G95Mu","DMDM TQ1 lot 3","9RYmhyEwYZwL5vyUNWPA2Q","DMDM TQ1 lot 3 #249","MpGTRBzF2NKA4MCgnErTnN","https://gosqas.org/history/MpGTRBzF2NKA4MCgnErTnN","F"
"QTVXD5s1ybzX2gBf2G95Mu","https://gosqas.org/record/QTVXD5s1ybzX2gBf2G95Mu","DMDM TQ1 lot 3","9RYmhyEwYZwL5vyUNWPA2Q","DMDM TQ1 lot 3 #250","4hcvDhFgGEDnxzwgSL7qkX","https://gosqas.org/history/4hcvDhFgGEDnxzwgSL7qkX","F"
"QTVXD5s1ybzX2gBf2G95Mu","https://gosqas.org/record/QTVXD5s1ybzX2gBf2G95Mu","DMDM TQ1 lot 3","9RYmhyEwYZwL5vyUNWPA2Q","DMDM TQ1 lot 3 #251","PuERtR4neXw22Fv1LEfWK4","https://gosqas.org/history/PuERtR4neXw22Fv1LEfWK4","F"
"QTVXD5s1ybzX2gBf2G95Mu","https://gosqas.org/record/QTVXD5s1ybzX2gBf2G95Mu","DMDM TQ1 lot 3","9RYmhyEwYZwL5vyUNWPA2Q","DMDM TQ1 lot 3 #252","R1GAWAqtsey64wJ6Mbapma","https://gosqas.org/history/R1GAWAqtsey64wJ6Mbapma","F"
"QTVXD5s1ybzX2gBf2G95Mu","https://gosqas.org/record/QTVXD5s1ybzX2gBf2G95Mu","DMDM TQ1 lot 3","9RYmhyEwYZwL5vyUNWPA2Q","DMDM TQ1 lot 3 #253","81rX53XhCn2REzWz3UXbpW","https://gosqas.org/history/81rX53XhCn2REzWz3UXbpW","F"
"QTVXD5s1ybzX2gBf2G95Mu","https://gosqas.org/record/QTVXD5s1ybzX2gBf2G95Mu","DMDM TQ1 lot 3","9RYmhyEwYZwL5vyUNWPA2Q","DMDM TQ1 lot 3 #254","T2UmjNQS3EAbNT9Q9YYM94","https://gosqas.org/history/T2UmjNQS3EAbNT9Q9YYM94","F"
"QTVXD5s1ybzX2gBf2G95Mu","https://gosqas.org/record/QTVXD5s1ybzX2gBf2G95Mu","DMDM TQ1 lot 3","9RYmhyEwYZwL5vyUNWPA2Q","DMDM TQ1 lot 3 #255","FLW1RxfSPUZcpK7dSNFTGT","https://gosqas.org/history/FLW1RxfSPUZcpK7dSNFTGT","F"
"QTVXD5s1ybzX2gBf2G95Mu","https://gosqas.org/record/QTVXD5s1ybzX2gBf2G95Mu","DMDM TQ1 lot 3","9RYmhyEwYZwL5vyUNWPA2Q","DMDM TQ1 lot 3 #256","No3NJfMYWqDFj85Ean3Fip","https://gosqas.org/history/No3NJfMYWqDFj85Ean3Fip","F"
"QTVXD5s1ybzX2gBf2G95Mu","https://gosqas.org/record/QTVXD5s1ybzX2gBf2G95Mu","DMDM TQ1 lot 3","9RYmhyEwYZwL5vyUNWPA2Q","DMDM TQ1 lot 3 #257","KtatYLzrgKDRr3JtPkEP1d","https://gosqas.org/history/KtatYLzrgKDRr3JtPkEP1d","F"
"QTVXD5s1ybzX2gBf2G95Mu","https://gosqas.org/record/QTVXD5s1ybzX2gBf2G95Mu","DMDM TQ1 lot 3","9RYmhyEwYZwL5vyUNWPA2Q","DMDM TQ1 lot 3 #258","4msZE92M7AJEvLAUAcgEFU","https://gosqas.org/history/4msZE92M7AJEvLAUAcgEFU","F"
"QTVXD5s1ybzX2gBf2G95Mu","https://gosqas.org/record/QTVXD5s1ybzX2gBf2G95Mu","DMDM TQ1 lot 3","9RYmhyEwYZwL5vyUNWPA2Q","DMDM TQ1 lot 3 #259","AH4iKaDBaU2Uk7bxUvyNEG","https://gosqas.org/history/AH4iKaDBaU2Uk7bxUvyNEG","F"
"QTVXD5s1ybzX2gBf2G95Mu","https://gosqas.org/record/QTVXD5s1ybzX2gBf2G95Mu","DMDM TQ1 lot 3","9RYmhyEwYZwL5vyUNWPA2Q","DMDM TQ1 lot 3 #260","9oLqiavizTU97r86P9qsu6","https://gosqas.org/history/9oLqiavizTU97r86P9qsu6","F"
"QTVXD5s1ybzX2gBf2G95Mu","https://gosqas.org/record/QTVXD5s1ybzX2gBf2G95Mu","DMDM TQ1 lot 3","9RYmhyEwYZwL5vyUNWPA2Q","DMDM TQ1 lot 3 #261","4sKAF1Aem7oa9eGq43KYZW","https://gosqas.org/history/4sKAF1Aem7oa9eGq43KYZW","F"
"QTVXD5s1ybzX2gBf2G95Mu","https://gosqas.org/record/QTVXD5s1ybzX2gBf2G95Mu","DMDM TQ1 lot 3","9RYmhyEwYZwL5vyUNWPA2Q","DMDM TQ1 lot 3 #262","NCDzQaVntPQV71ddJPedmQ","https://gosqas.org/history/NCDzQaVntPQV71ddJPedmQ","F"
"QTVXD5s1ybzX2gBf2G95Mu","https://gosqas.org/record/QTVXD5s1ybzX2gBf2G95Mu","DMDM TQ1 lot 3","9RYmhyEwYZwL5vyUNWPA2Q","DMDM TQ1 lot 3 #263","9ruyQzUdRbmcH4YvVPS6NQ","https://gosqas.org/history/9ruyQzUdRbmcH4YvVPS6NQ","F"
"QTVXD5s1ybzX2gBf2G95Mu","https://gosqas.org/record/QTVXD5s1ybzX2gBf2G95Mu","DMDM TQ1 lot 3","9RYmhyEwYZwL5vyUNWPA2Q","DMDM TQ1 lot 3 #264","HQeg3BG8g9iyxSndsN1i21","https://gosqas.org/history/HQeg3BG8g9iyxSndsN1i21","F"
"QTVXD5s1ybzX2gBf2G95Mu","https://gosqas.org/record/QTVXD5s1ybzX2gBf2G95Mu","DMDM TQ1 lot 3","9RYmhyEwYZwL5vyUNWPA2Q","DMDM TQ1 lot 3 #265","LDRsp2iqpuEzyDPYVAZNFe","https://gosqas.org/history/LDRsp2iqpuEzyDPYVAZNFe","F"
"QTVXD5s1ybzX2gBf2G95Mu","https://gosqas.org/record/QTVXD5s1ybzX2gBf2G95Mu","DMDM TQ1 lot 3","9RYmhyEwYZwL5vyUNWPA2Q","DMDM TQ1 lot 3 #266","4SMMf651osNyuJtfz5emXG","https://gosqas.org/history/4SMMf651osNyuJtfz5emXG","F"
"QTVXD5s1ybzX2gBf2G95Mu","https://gosqas.org/record/QTVXD5s1ybzX2gBf2G95Mu","DMDM TQ1 lot 3","9RYmhyEwYZwL5vyUNWPA2Q","DMDM TQ1 lot 3 #267","BSG51aMRGUVCs6ELQD66bF","https://gosqas.org/history/BSG51aMRGUVCs6ELQD66bF","F"
"QTVXD5s1ybzX2gBf2G95Mu","https://gosqas.org/record/QTVXD5s1ybzX2gBf2G95Mu","DMDM TQ1 lot 3","9RYmhyEwYZwL5vyUNWPA2Q","DMDM TQ1 lot 3 #268","VucKcbszh63e5LbmEhNHZJ","https://gosqas.org/history/VucKcbszh63e5LbmEhNHZJ","F"
"QTVXD5s1ybzX2gBf2G95Mu","https://gosqas.org/record/QTVXD5s1ybzX2gBf2G95Mu","DMDM TQ1 lot 3","9RYmhyEwYZwL5vyUNWPA2Q","DMDM TQ1 lot 3 #269","UxrVDrbNytGdfg9i12WgdE","https://gosqas.org/history/UxrVDrbNytGdfg9i12WgdE","F"
"QTVXD5s1ybzX2gBf2G95Mu","https://gosqas.org/record/QTVXD5s1ybzX2gBf2G95Mu","DMDM TQ1 lot 3","9RYmhyEwYZwL5vyUNWPA2Q","DMDM TQ1 lot 3 #270","GdBgrQBvqHSTSeGVEf5zbu","https://gosqas.org/history/GdBgrQBvqHSTSeGVEf5zbu","F"
"QTVXD5s1ybzX2gBf2G95Mu","https://gosqas.org/record/QTVXD5s1ybzX2gBf2G95Mu","DMDM TQ1 lot 3","9RYmhyEwYZwL5vyUNWPA2Q","DMDM TQ1 lot 3 #271","6MX6b6hferPwMTaCAyxYkW","https://gosqas.org/history/6MX6b6hferPwMTaCAyxYkW","F"
"QTVXD5s1ybzX2gBf2G95Mu","https://gosqas.org/record/QTVXD5s1ybzX2gBf2G95Mu","DMDM TQ1 lot 3","9RYmhyEwYZwL5vyUNWPA2Q","DMDM TQ1 lot 3 #272","B87VnYKDrRBdqDhVa7HcCJ","https://gosqas.org/history/B87VnYKDrRBdqDhVa7HcCJ","F"
"QTVXD5s1ybzX2gBf2G95Mu","https://gosqas.org/record/QTVXD5s1ybzX2gBf2G95Mu","DMDM TQ1 lot 3","9RYmhyEwYZwL5vyUNWPA2Q","DMDM TQ1 lot 3 #273","9BwGHa7AdhieVW5apWSYED","https://gosqas.org/history/9BwGHa7AdhieVW5apWSYED","F"
"QTVXD5s1ybzX2gBf2G95Mu","https://gosqas.org/record/QTVXD5s1ybzX2gBf2G95Mu","DMDM TQ1 lot 3","9RYmhyEwYZwL5vyUNWPA2Q","DMDM TQ1 lot 3 #274","WLa5stAPuaNKJkDyW6iyZ9","https://gosqas.org/history/WLa5stAPuaNKJkDyW6iyZ9","F"
"QTVXD5s1ybzX2gBf2G95Mu","https://gosqas.org/record/QTVXD5s1ybzX2gBf2G95Mu","DMDM TQ1 lot 3","9RYmhyEwYZwL5vyUNWPA2Q","DMDM TQ1 lot 3 #275","P8AmzSh1FXu6UCP6EVJcgj","https://gosqas.org/history/P8AmzSh1FXu6UCP6EVJcgj","F"
"QTVXD5s1ybzX2gBf2G95Mu","https://gosqas.org/record/QTVXD5s1ybzX2gBf2G95Mu","DMDM TQ1 lot 3","9RYmhyEwYZwL5vyUNWPA2Q","DMDM TQ1 lot 3 #276","69rRBQMuzGeDpgrMEe3S4a","https://gosqas.org/history/69rRBQMuzGeDpgrMEe3S4a","F"
"QTVXD5s1ybzX2gBf2G95Mu","https://gosqas.org/record/QTVXD5s1ybzX2gBf2G95Mu","DMDM TQ1 lot 3","9RYmhyEwYZwL5vyUNWPA2Q","DMDM TQ1 lot 3 #277","ML9EEkrbhy3E8hWZNjrGbM","https://gosqas.org/history/ML9EEkrbhy3E8hWZNjrGbM","F"
"QTVXD5s1ybzX2gBf2G95Mu","https://gosqas.org/record/QTVXD5s1ybzX2gBf2G95Mu","DMDM TQ1 lot 3","9RYmhyEwYZwL5vyUNWPA2Q","DMDM TQ1 lot 3 #278","VdoZraN9sWqHtHusJdyioh","https://gosqas.org/history/VdoZraN9sWqHtHusJdyioh","F"
"QTVXD5s1ybzX2gBf2G95Mu","https://gosqas.org/record/QTVXD5s1ybzX2gBf2G95Mu","DMDM TQ1 lot 3","9RYmhyEwYZwL5vyUNWPA2Q","DMDM TQ1 lot 3 #279","9KeLJFDzwaozxtym37hhoZ","https://gosqas.org/history/9KeLJFDzwaozxtym37hhoZ","F"
"QTVXD5s1ybzX2gBf2G95Mu","https://gosqas.org/record/QTVXD5s1ybzX2gBf2G95Mu","DMDM TQ1 lot 3","9RYmhyEwYZwL5vyUNWPA2Q","DMDM TQ1 lot 3 #280","EWCmoY3kDgtho49eD1VaJu","https://gosqas.org/history/EWCmoY3kDgtho49eD1VaJu","F"
"QTVXD5s1ybzX2gBf2G95Mu","https://gosqas.org/record/QTVXD5s1ybzX2gBf2G95Mu","DMDM TQ1 lot 3","9RYmhyEwYZwL5vyUNWPA2Q","DMDM TQ1 lot 3 #281","5eiT7g7xjvKi1KZYx3NcN9","https://gosqas.org/history/5eiT7g7xjvKi1KZYx3NcN9","F"
"QTVXD5s1ybzX2gBf2G95Mu","https://gosqas.org/record/QTVXD5s1ybzX2gBf2G95Mu","DMDM TQ1 lot 3","9RYmhyEwYZwL5vyUNWPA2Q","DMDM TQ1 lot 3 #282","2dvFgmrCpQU62nYxvgSjWk","https://gosqas.org/history/2dvFgmrCpQU62nYxvgSjWk","F"
"QTVXD5s1ybzX2gBf2G95Mu","https://gosqas.org/record/QTVXD5s1ybzX2gBf2G95Mu","DMDM TQ1 lot 3","9RYmhyEwYZwL5vyUNWPA2Q","DMDM TQ1 lot 3 #283","SXgN9q4UUBJsfCiSHHepxX","https://gosqas.org/history/SXgN9q4UUBJsfCiSHHepxX","F"
"QTVXD5s1ybzX2gBf2G95Mu","https://gosqas.org/record/QTVXD5s1ybzX2gBf2G95Mu","DMDM TQ1 lot 3","9RYmhyEwYZwL5vyUNWPA2Q","DMDM TQ1 lot 3 #284","2zEsUSV2VABxc4xmomLX1c","https://gosqas.org/history/2zEsUSV2VABxc4xmomLX1c","F"
"QTVXD5s1ybzX2gBf2G95Mu","https://gosqas.org/record/QTVXD5s1ybzX2gBf2G95Mu","DMDM TQ1 lot 3","9RYmhyEwYZwL5vyUNWPA2Q","DMDM TQ1 lot 3 #285","4jAUgyXHb8co74ctqJqRCy","https://gosqas.org/history/4jAUgyXHb8co74ctqJqRCy","F"
"QTVXD5s1ybzX2gBf2G95Mu","https://gosqas.org/record/QTVXD5s1ybzX2gBf2G95Mu","DMDM TQ1 lot 3","9RYmhyEwYZwL5vyUNWPA2Q","DMDM TQ1 lot 3 #286","7efJKAbMfJa6WwWGuZs6Jk","https://gosqas.org/history/7efJKAbMfJa6WwWGuZs6Jk","F"
"QTVXD5s1ybzX2gBf2G95Mu","https://gosqas.org/record/QTVXD5s1ybzX2gBf2G95Mu","DMDM TQ1 lot 3","9RYmhyEwYZwL5vyUNWPA2Q","DMDM TQ1 lot 3 #287","7F81R8CyfMChxLHKAVJ4m4","https://gosqas.org/history/7F81R8CyfMChxLHKAVJ4m4","F"
"QTVXD5s1ybzX2gBf2G95Mu","https://gosqas.org/record/QTVXD5s1ybzX2gBf2G95Mu","DMDM TQ1 lot 3","9RYmhyEwYZwL5vyUNWPA2Q","DMDM TQ1 lot 3 #288","SpcWfAetX6hcDNGFHc2Vzr","https://gosqas.org/history/SpcWfAetX6hcDNGFHc2Vzr","F"
"QTVXD5s1ybzX2gBf2G95Mu","https://gosqas.org/record/QTVXD5s1ybzX2gBf2G95Mu","DMDM TQ1 lot 3","9RYmhyEwYZwL5vyUNWPA2Q","DMDM TQ1 lot 3 #289","3eaDN9bkLH2FJLoxfLCFX1","https://gosqas.org/history/3eaDN9bkLH2FJLoxfLCFX1","F"
"QTVXD5s1ybzX2gBf2G95Mu","https://gosqas.org/record/QTVXD5s1ybzX2gBf2G95Mu","DMDM TQ1 lot 3","9RYmhyEwYZwL5vyUNWPA2Q","DMDM TQ1 lot 3 #290","9Jk3gh5yk1zwuh9KdhBoXH","https://gosqas.org/history/9Jk3gh5yk1zwuh9KdhBoXH","F"
"QTVXD5s1ybzX2gBf2G95Mu","https://gosqas.org/record/QTVXD5s1ybzX2gBf2G95Mu","DMDM TQ1 lot 3","9RYmhyEwYZwL5vyUNWPA2Q","DMDM TQ1 lot 3 #291","Lz2dTRcjHquVVcgeNjxBHi","https://gosqas.org/history/Lz2dTRcjHquVVcgeNjxBHi","F"
"QTVXD5s1ybzX2gBf2G95Mu","https://gosqas.org/record/QTVXD5s1ybzX2gBf2G95Mu","DMDM TQ1 lot 3","9RYmhyEwYZwL5vyUNWPA2Q","DMDM TQ1 lot 3 #292","FFV8PEyj25iJbyPTd8BJKq","https://gosqas.org/history/FFV8PEyj25iJbyPTd8BJKq","F"
"QTVXD5s1ybzX2gBf2G95Mu","https://gosqas.org/record/QTVXD5s1ybzX2gBf2G95Mu","DMDM TQ1 lot 3","9RYmhyEwYZwL5vyUNWPA2Q","DMDM TQ1 lot 3 #293","AcfFVjDznyySjLRY3D7qXu","https://gosqas.org/history/AcfFVjDznyySjLRY3D7qXu","F"
"QTVXD5s1ybzX2gBf2G95Mu","https://gosqas.org/record/QTVXD5s1ybzX2gBf2G95Mu","DMDM TQ1 lot 3","9RYmhyEwYZwL5vyUNWPA2Q","DMDM TQ1 lot 3 #294","F4JrdPdaqEneZF5AHFybEg","https://gosqas.org/history/F4JrdPdaqEneZF5AHFybEg","F"
"QTVXD5s1ybzX2gBf2G95Mu","https://gosqas.org/record/QTVXD5s1ybzX2gBf2G95Mu","DMDM TQ1 lot 3","9RYmhyEwYZwL5vyUNWPA2Q","DMDM TQ1 lot 3 #295","4LJRdNRw7KNJThLz3Zbq6i","https://gosqas.org/history/4LJRdNRw7KNJThLz3Zbq6i","F"
"QTVXD5s1ybzX2gBf2G95Mu","https://gosqas.org/record/QTVXD5s1ybzX2gBf2G95Mu","DMDM TQ1 lot 3","9RYmhyEwYZwL5vyUNWPA2Q","DMDM TQ1 lot 3 #296","JZo5GxjbHc7s2swrkhhykX","https://gosqas.org/history/JZo5GxjbHc7s2swrkhhykX","F"
"QTVXD5s1ybzX2gBf2G95Mu","https://gosqas.org/record/QTVXD5s1ybzX2gBf2G95Mu","DMDM TQ1 lot 3","9RYmhyEwYZwL5vyUNWPA2Q","DMDM TQ1 lot 3 #297","68Wg94patxNN8qUpy1pbRF","https://gosqas.org/history/68Wg94patxNN8qUpy1pbRF","F"
"QTVXD5s1ybzX2gBf2G95Mu","https://gosqas.org/record/QTVXD5s1ybzX2gBf2G95Mu","DMDM TQ1 lot 3","9RYmhyEwYZwL5vyUNWPA2Q","DMDM TQ1 lot 3 #298","DverKjfy7vEsNAY1mNQzJT","https://gosqas.org/history/DverKjfy7vEsNAY1mNQzJT","F"
"QTVXD5s1ybzX2gBf2G95Mu","https://gosqas.org/record/QTVXD5s1ybzX2gBf2G95Mu","DMDM TQ1 lot 3","9RYmhyEwYZwL5vyUNWPA2Q","DMDM TQ1 lot 3 #299","6BAH8vW48CvKqedFC72r4e","https://gosqas.org/history/6BAH8vW48CvKqedFC72r4e","F"
"QTVXD5s1ybzX2gBf2G95Mu","https://gosqas.org/record/QTVXD5s1ybzX2gBf2G95Mu","DMDM TQ1 lot 3","9RYmhyEwYZwL5vyUNWPA2Q","DMDM TQ1 lot 3 #300","XehaJo6WSY3Jod2FXBdxwa","https://gosqas.org/history/XehaJo6WSY3Jod2FXBdxwa","F"
"QTVXD5s1ybzX2gBf2G95Mu","https://gosqas.org/record/QTVXD5s1ybzX2gBf2G95Mu","DMDM TQ1 lot 3","9RYmhyEwYZwL5vyUNWPA2Q","DMDM TQ1 lot 3 #301","GKk6wJwpRvoARymjBJ4dE6","https://gosqas.org/history/GKk6wJwpRvoARymjBJ4dE6","F"
"QTVXD5s1ybzX2gBf2G95Mu","https://gosqas.org/record/QTVXD5s1ybzX2gBf2G95Mu","DMDM TQ1 lot 3","9RYmhyEwYZwL5vyUNWPA2Q","DMDM TQ1 lot 3 #302","3LKRGCw5HkiD6VtP8rEdNa","https://gosqas.org/history/3LKRGCw5HkiD6VtP8rEdNa","F"
"QTVXD5s1ybzX2gBf2G95Mu","https://gosqas.org/record/QTVXD5s1ybzX2gBf2G95Mu","DMDM TQ1 lot 3","9RYmhyEwYZwL5vyUNWPA2Q","DMDM TQ1 lot 3 #303","4bgB8JyEbQqXRnGsrJoZZg","https://gosqas.org/history/4bgB8JyEbQqXRnGsrJoZZg","F"
"QTVXD5s1ybzX2gBf2G95Mu","https://gosqas.org/record/QTVXD5s1ybzX2gBf2G95Mu","DMDM TQ1 lot 3","9RYmhyEwYZwL5vyUNWPA2Q","DMDM TQ1 lot 3 #304","VbYrw7HLa5gpZUiCRNMoMZ","https://gosqas.org/history/VbYrw7HLa5gpZUiCRNMoMZ","F"
"QTVXD5s1ybzX2gBf2G95Mu","https://gosqas.org/record/QTVXD5s1ybzX2gBf2G95Mu","DMDM TQ1 lot 3","9RYmhyEwYZwL5vyUNWPA2Q","DMDM TQ1 lot 3 #305","NVF8i5bmp7BBfSxTVgmqot","https://gosqas.org/history/NVF8i5bmp7BBfSxTVgmqot","F"
"QTVXD5s1ybzX2gBf2G95Mu","https://gosqas.org/record/QTVXD5s1ybzX2gBf2G95Mu","DMDM TQ1 lot 3","9RYmhyEwYZwL5vyUNWPA2Q","DMDM TQ1 lot 3 #306","T1Wg71swhopa2unuwgFZzS","https://gosqas.org/history/T1Wg71swhopa2unuwgFZzS","F"
"QTVXD5s1ybzX2gBf2G95Mu","https://gosqas.org/record/QTVXD5s1ybzX2gBf2G95Mu","DMDM TQ1 lot 3","9RYmhyEwYZwL5vyUNWPA2Q","DMDM TQ1 lot 3 #307","59ZpDAXyqFimfZe4yCKmSK","https://gosqas.org/history/59ZpDAXyqFimfZe4yCKmSK","F"
"QTVXD5s1ybzX2gBf2G95Mu","https://gosqas.org/record/QTVXD5s1ybzX2gBf2G95Mu","DMDM TQ1 lot 3","9RYmhyEwYZwL5vyUNWPA2Q","DMDM TQ1 lot 3 #308","N4DcYktmoG1yQJWY71pjYp","https://gosqas.org/history/N4DcYktmoG1yQJWY71pjYp","F"
"QTVXD5s1ybzX2gBf2G95Mu","https://gosqas.org/record/QTVXD5s1ybzX2gBf2G95Mu","DMDM TQ1 lot 3","9RYmhyEwYZwL5vyUNWPA2Q","DMDM TQ1 lot 3 #309","EifB22E9zYAT3S8guTxev1","https://gosqas.org/history/EifB22E9zYAT3S8guTxev1","F"
"QTVXD5s1ybzX2gBf2G95Mu","https://gosqas.org/record/QTVXD5s1ybzX2gBf2G95Mu","DMDM TQ1 lot 3","9RYmhyEwYZwL5vyUNWPA2Q","DMDM TQ1 lot 3 #310","XG9cGN6WFgiSWwi7HnhDXd","https://gosqas.org/history/XG9cGN6WFgiSWwi7HnhDXd","F"
"QTVXD5s1ybzX2gBf2G95Mu","https://gosqas.org/record/QTVXD5s1ybzX2gBf2G95Mu","DMDM TQ1 lot 3","9RYmhyEwYZwL5vyUNWPA2Q","DMDM TQ1 lot 3 #311","QWsyhQeqeN2jSWr2brRQ67","https://gosqas.org/history/QWsyhQeqeN2jSWr2brRQ67","F"
"QTVXD5s1ybzX2gBf2G95Mu","https://gosqas.org/record/QTVXD5s1ybzX2gBf2G95Mu","DMDM TQ1 lot 3","9RYmhyEwYZwL5vyUNWPA2Q","DMDM TQ1 lot 3 #312","N2iAqYf391AA6EsZbZPmX5","https://gosqas.org/history/N2iAqYf391AA6EsZbZPmX5","F"
"QTVXD5s1ybzX2gBf2G95Mu","https://gosqas.org/record/QTVXD5s1ybzX2gBf2G95Mu","DMDM TQ1 lot 3","9RYmhyEwYZwL5vyUNWPA2Q","DMDM TQ1 lot 3 #313","GWSPg7sF73zYQ3LVR2numD","https://gosqas.org/history/GWSPg7sF73zYQ3LVR2numD","F"
"QTVXD5s1ybzX2gBf2G95Mu","https://gosqas.org/record/QTVXD5s1ybzX2gBf2G95Mu","DMDM TQ1 lot 3","9RYmhyEwYZwL5vyUNWPA2Q","DMDM TQ1 lot 3 #314","PCuTZMG1zgn5tsNuie6fFD","https://gosqas.org/history/PCuTZMG1zgn5tsNuie6fFD","F"
"QTVXD5s1ybzX2gBf2G95Mu","https://gosqas.org/record/QTVXD5s1ybzX2gBf2G95Mu","DMDM TQ1 lot 3","9RYmhyEwYZwL5vyUNWPA2Q","DMDM TQ1 lot 3 #315","3UiHyX8SgzhGfNVZKaL2nW","https://gosqas.org/history/3UiHyX8SgzhGfNVZKaL2nW","F"
"QTVXD5s1ybzX2gBf2G95Mu","https://gosqas.org/record/QTVXD5s1ybzX2gBf2G95Mu","DMDM TQ1 lot 3","9RYmhyEwYZwL5vyUNWPA2Q","DMDM TQ1 lot 3 #316","6Rkpo8QQhyGNs3sxfTXbmc","https://gosqas.org/history/6Rkpo8QQhyGNs3sxfTXbmc","F"
"QTVXD5s1ybzX2gBf2G95Mu","https://gosqas.org/record/QTVXD5s1ybzX2gBf2G95Mu","DMDM TQ1 lot 3","9RYmhyEwYZwL5vyUNWPA2Q","DMDM TQ1 lot 3 #317","TKScYzXirhWbum31K6ZPbp","https://gosqas.org/history/TKScYzXirhWbum31K6ZPbp","F"
"QTVXD5s1ybzX2gBf2G95Mu","https://gosqas.org/record/QTVXD5s1ybzX2gBf2G95Mu","DMDM TQ1 lot 3","9RYmhyEwYZwL5vyUNWPA2Q","DMDM TQ1 lot 3 #318","2qWzkPwJr9M7dqYKPLQkGa","https://gosqas.org/history/2qWzkPwJr9M7dqYKPLQkGa","F"
"QTVXD5s1ybzX2gBf2G95Mu","https://gosqas.org/record/QTVXD5s1ybzX2gBf2G95Mu","DMDM TQ1 lot 3","9RYmhyEwYZwL5vyUNWPA2Q","DMDM TQ1 lot 3 #319","KqqH13jhP2RYefo2mbK28G","https://gosqas.org/history/KqqH13jhP2RYefo2mbK28G","F"
"QTVXD5s1ybzX2gBf2G95Mu","https://gosqas.org/record/QTVXD5s1ybzX2gBf2G95Mu","DMDM TQ1 lot 3","9RYmhyEwYZwL5vyUNWPA2Q","DMDM TQ1 lot 3 #320","7vNoYo2smSf6TLRpPTbvJR","https://gosqas.org/history/7vNoYo2smSf6TLRpPTbvJR","F"
"QTVXD5s1ybzX2gBf2G95Mu","https://gosqas.org/record/QTVXD5s1ybzX2gBf2G95Mu","DMDM TQ1 lot 3","9RYmhyEwYZwL5vyUNWPA2Q","DMDM TQ1 lot 3 #321","AGAithEyMVMguovnthqFVh","https://gosqas.org/history/AGAithEyMVMguovnthqFVh","F"
"QTVXD5s1ybzX2gBf2G95Mu","https://gosqas.org/record/QTVXD5s1ybzX2gBf2G95Mu","DMDM TQ1 lot 3","9RYmhyEwYZwL5vyUNWPA2Q","DMDM TQ1 lot 3 #322","UmqH9aT5BrDfG57fynBsSb","https://gosqas.org/history/UmqH9aT5BrDfG57fynBsSb","F"
"QTVXD5s1ybzX2gBf2G95Mu","https://gosqas.org/record/QTVXD5s1ybzX2gBf2G95Mu","DMDM TQ1 lot 3","9RYmhyEwYZwL5vyUNWPA2Q","DMDM TQ1 lot 3 #323","Jv872itPuwCgKrtJV1DQ6T","https://gosqas.org/history/Jv872itPuwCgKrtJV1DQ6T","F"
"QTVXD5s1ybzX2gBf2G95Mu","https://gosqas.org/record/QTVXD5s1ybzX2gBf2G95Mu","DMDM TQ1 lot 3","9RYmhyEwYZwL5vyUNWPA2Q","DMDM TQ1 lot 3 #324","Upi1fjczFdntWoQ1Tde7ED","https://gosqas.org/history/Upi1fjczFdntWoQ1Tde7ED","F"
"QTVXD5s1ybzX2gBf2G95Mu","https://gosqas.org/record/QTVXD5s1ybzX2gBf2G95Mu","DMDM TQ1 lot 3","9RYmhyEwYZwL5vyUNWPA2Q","DMDM TQ1 lot 3 #325","KHp5YdrP7h6pgt4CK8taQ3","https://gosqas.org/history/KHp5YdrP7h6pgt4CK8taQ3","F"
"QTVXD5s1ybzX2gBf2G95Mu","https://gosqas.org/record/QTVXD5s1ybzX2gBf2G95Mu","DMDM TQ1 lot 3","9RYmhyEwYZwL5vyUNWPA2Q","DMDM TQ1 lot 3 #326","PiydNP8bD3FfeFohVYWaKN","https://gosqas.org/history/PiydNP8bD3FfeFohVYWaKN","F"
"QTVXD5s1ybzX2gBf2G95Mu","https://gosqas.org/record/QTVXD5s1ybzX2gBf2G95Mu","DMDM TQ1 lot 3","9RYmhyEwYZwL5vyUNWPA2Q","DMDM TQ1 lot 3 #327","2QfQFTCGVLkhhn9SQmriVH","https://gosqas.org/history/2QfQFTCGVLkhhn9SQmriVH","F"
"QTVXD5s1ybzX2gBf2G95Mu","https://gosqas.org/record/QTVXD5s1ybzX2gBf2G95Mu","DMDM TQ1 lot 3","9RYmhyEwYZwL5vyUNWPA2Q","DMDM TQ1 lot 3 #328","6Zu87ueh7Y4EyMSm9Jx6ir","https://gosqas.org/history/6Zu87ueh7Y4EyMSm9Jx6ir","F"
"QTVXD5s1ybzX2gBf2G95Mu","https://gosqas.org/record/QTVXD5s1ybzX2gBf2G95Mu","DMDM TQ1 lot 3","9RYmhyEwYZwL5vyUNWPA2Q","DMDM TQ1 lot 3 #329","EHZ2axYCUdoALrXyycvm9X","https://gosqas.org/history/EHZ2axYCUdoALrXyycvm9X","F"
"QTVXD5s1ybzX2gBf2G95Mu","https://gosqas.org/record/QTVXD5s1ybzX2gBf2G95Mu","DMDM TQ1 lot 3","9RYmhyEwYZwL5vyUNWPA2Q","DMDM TQ1 lot 3 #330","UXfx1FMXFTvWznyYxBgazB","https://gosqas.org/history/UXfx1FMXFTvWznyYxBgazB","F"
"QTVXD5s1ybzX2gBf2G95Mu","https://gosqas.org/record/QTVXD5s1ybzX2gBf2G95Mu","DMDM TQ1 lot 3","9RYmhyEwYZwL5vyUNWPA2Q","DMDM TQ1 lot 3 #331","CExTHVxQU3qgj7yzPwnRAz","https://gosqas.org/history/CExTHVxQU3qgj7yzPwnRAz","F"
"QTVXD5s1ybzX2gBf2G95Mu","https://gosqas.org/record/QTVXD5s1ybzX2gBf2G95Mu","DMDM TQ1 lot 3","9RYmhyEwYZwL5vyUNWPA2Q","DMDM TQ1 lot 3 #332","LWG6unQhjaR91c1KJbnFBi","https://gosqas.org/history/LWG6unQhjaR91c1KJbnFBi","F"
"QTVXD5s1ybzX2gBf2G95Mu","https://gosqas.org/record/QTVXD5s1ybzX2gBf2G95Mu","DMDM TQ1 lot 3","9RYmhyEwYZwL5vyUNWPA2Q","DMDM TQ1 lot 3 #333","8WAzgz5Q21cxZvr9DB8pyS","https://gosqas.org/history/8WAzgz5Q21cxZvr9DB8pyS","F"
"QTVXD5s1ybzX2gBf2G95Mu","https://gosqas.org/record/QTVXD5s1ybzX2gBf2G95Mu","DMDM TQ1 lot 3","9RYmhyEwYZwL5vyUNWPA2Q","DMDM TQ1 lot 3 #334","YA9zmFxewpQn8kvtbSreAH","https://gosqas.org/history/YA9zmFxewpQn8kvtbSreAH","F"
"QTVXD5s1ybzX2gBf2G95Mu","https://gosqas.org/record/QTVXD5s1ybzX2gBf2G95Mu","DMDM TQ1 lot 3","9RYmhyEwYZwL5vyUNWPA2Q","DMDM TQ1 lot 3 #335","Ffo3zPprBBqcefz8BqWkx2","https://gosqas.org/history/Ffo3zPprBBqcefz8BqWkx2","F"
"QTVXD5s1ybzX2gBf2G95Mu","https://gosqas.org/record/QTVXD5s1ybzX2gBf2G95Mu","DMDM TQ1 lot 3","9RYmhyEwYZwL5vyUNWPA2Q","DMDM TQ1 lot 3 #336","AUA3SNBEdoz9GLUijMxW5f","https://gosqas.org/history/AUA3SNBEdoz9GLUijMxW5f","F"
"QTVXD5s1ybzX2gBf2G95Mu","https://gosqas.org/record/QTVXD5s1ybzX2gBf2G95Mu","DMDM TQ1 lot 3","9RYmhyEwYZwL5vyUNWPA2Q","DMDM TQ1 lot 3 #337","JPDJT6ktyQnv8GmAmT5T9K","https://gosqas.org/history/JPDJT6ktyQnv8GmAmT5T9K","F"
"QTVXD5s1ybzX2gBf2G95Mu","https://gosqas.org/record/QTVXD5s1ybzX2gBf2G95Mu","DMDM TQ1 lot 3","9RYmhyEwYZwL5vyUNWPA2Q","DMDM TQ1 lot 3 #338","MJFUUx1qmW2u8CqfH29sNz","https://gosqas.org/history/MJFUUx1qmW2u8CqfH29sNz","F"
"QTVXD5s1ybzX2gBf2G95Mu","https://gosqas.org/record/QTVXD5s1ybzX2gBf2G95Mu","DMDM TQ1 lot 3","9RYmhyEwYZwL5vyUNWPA2Q","DMDM TQ1 lot 3 #339","SkCcHcXWc1pSLBsuFbhasS","https://gosqas.org/history/SkCcHcXWc1pSLBsuFbhasS","F"
"QTVXD5s1ybzX2gBf2G95Mu","https://gosqas.org/record/QTVXD5s1ybzX2gBf2G95Mu","DMDM TQ1 lot 3","9RYmhyEwYZwL5vyUNWPA2Q","DMDM TQ1 lot 3 #340","DnPiGtab4uZNAkb4u6cXzK","https://gosqas.org/history/DnPiGtab4uZNAkb4u6cXzK","F"
"QTVXD5s1ybzX2gBf2G95Mu","https://gosqas.org/record/QTVXD5s1ybzX2gBf2G95Mu","DMDM TQ1 lot 3","9RYmhyEwYZwL5vyUNWPA2Q","DMDM TQ1 lot 3 #341","YJb6beJiydvgDBnfQyr6z4","https://gosqas.org/history/YJb6beJiydvgDBnfQyr6z4","F"
"QTVXD5s1ybzX2gBf2G95Mu","https://gosqas.org/record/QTVXD5s1ybzX2gBf2G95Mu","DMDM TQ1 lot 3","9RYmhyEwYZwL5vyUNWPA2Q","DMDM TQ1 lot 3 #342","Pt8NUgugtbQ29royZHjSeY","https://gosqas.org/history/Pt8NUgugtbQ29royZHjSeY","F"
"QTVXD5s1ybzX2gBf2G95Mu","https://gosqas.org/record/QTVXD5s1ybzX2gBf2G95Mu","DMDM TQ1 lot 3","9RYmhyEwYZwL5vyUNWPA2Q","DMDM TQ1 lot 3 #343","3gz6cAHWH4xfZXsN11Ei2u","https://gosqas.org/history/3gz6cAHWH4xfZXsN11Ei2u","F"
"QTVXD5s1ybzX2gBf2G95Mu","https://gosqas.org/record/QTVXD5s1ybzX2gBf2G95Mu","DMDM TQ1 lot 3","9RYmhyEwYZwL5vyUNWPA2Q","DMDM TQ1 lot 3 #344","PVsGfTdWiqnWvfZAbAtnKZ","https://gosqas.org/history/PVsGfTdWiqnWvfZAbAtnKZ","F"
"QTVXD5s1ybzX2gBf2G95Mu","https://gosqas.org/record/QTVXD5s1ybzX2gBf2G95Mu","DMDM TQ1 lot 3","9RYmhyEwYZwL5vyUNWPA2Q","DMDM TQ1 lot 3 #345","GFm37AnccTJgNo1BMms83J","https://gosqas.org/history/GFm37AnccTJgNo1BMms83J","F"
"QTVXD5s1ybzX2gBf2G95Mu","https://gosqas.org/record/QTVXD5s1ybzX2gBf2G95Mu","DMDM TQ1 lot 3","9RYmhyEwYZwL5vyUNWPA2Q","DMDM TQ1 lot 3 #346","9aYk7z8f3Gp5nyJcheR4Nf","https://gosqas.org/history/9aYk7z8f3Gp5nyJcheR4Nf","F"
"QTVXD5s1ybzX2gBf2G95Mu","https://gosqas.org/record/QTVXD5s1ybzX2gBf2G95Mu","DMDM TQ1 lot 3","9RYmhyEwYZwL5vyUNWPA2Q","DMDM TQ1 lot 3 #347","JmZWq3HQxHkjjrLP6RwmaY","https://gosqas.org/history/JmZWq3HQxHkjjrLP6RwmaY","F"
"QTVXD5s1ybzX2gBf2G95Mu","https://gosqas.org/record/QTVXD5s1ybzX2gBf2G95Mu","DMDM TQ1 lot 3","9RYmhyEwYZwL5vyUNWPA2Q","DMDM TQ1 lot 3 #348","GzB2nEturiCYo3dNuJQwWa","https://gosqas.org/history/GzB2nEturiCYo3dNuJQwWa","F"
"QTVXD5s1ybzX2gBf2G95Mu","https://gosqas.org/record/QTVXD5s1ybzX2gBf2G95Mu","DMDM TQ1 lot 3","9RYmhyEwYZwL5vyUNWPA2Q","DMDM TQ1 lot 3 #349","RAAycB7GE71dVz9Aat1ezo","https://gosqas.org/history/RAAycB7GE71dVz9Aat1ezo","F"
"QTVXD5s1ybzX2gBf2G95Mu","https://gosqas.org/record/QTVXD5s1ybzX2gBf2G95Mu","DMDM TQ1 lot 3","9RYmhyEwYZwL5vyUNWPA2Q","DMDM TQ1 lot 3 #350","Ww17n2tuvxtbfcNmcBHExx","https://gosqas.org/history/Ww17n2tuvxtbfcNmcBHExx","F"
"QTVXD5s1ybzX2gBf2G95Mu","https://gosqas.org/record/QTVXD5s1ybzX2gBf2G95Mu","DMDM TQ1 lot 3","9RYmhyEwYZwL5vyUNWPA2Q","DMDM TQ1 lot 3 #351","PyDovVQmqNmzHC4oCmcNkW","https://gosqas.org/history/PyDovVQmqNmzHC4oCmcNkW","F"
"QTVXD5s1ybzX2gBf2G95Mu","https://gosqas.org/record/QTVXD5s1ybzX2gBf2G95Mu","DMDM TQ1 lot 3","9RYmhyEwYZwL5vyUNWPA2Q","DMDM TQ1 lot 3 #352","GUxf4S3BtGwKxJfLfzL6qz","https://gosqas.org/history/GUxf4S3BtGwKxJfLfzL6qz","F"
"QTVXD5s1ybzX2gBf2G95Mu","https://gosqas.org/record/QTVXD5s1ybzX2gBf2G95Mu","DMDM TQ1 lot 3","9RYmhyEwYZwL5vyUNWPA2Q","DMDM TQ1 lot 3 #353","96r4cVWshjFziewdZujkj1","https://gosqas.org/history/96r4cVWshjFziewdZujkj1","F"
"QTVXD5s1ybzX2gBf2G95Mu","https://gosqas.org/record/QTVXD5s1ybzX2gBf2G95Mu","DMDM TQ1 lot 3","9RYmhyEwYZwL5vyUNWPA2Q","DMDM TQ1 lot 3 #354","CCs5oHcN5MR9W9Sfkr8dav","https://gosqas.org/history/CCs5oHcN5MR9W9Sfkr8dav","F"
"QTVXD5s1ybzX2gBf2G95Mu","https://gosqas.org/record/QTVXD5s1ybzX2gBf2G95Mu","DMDM TQ1 lot 3","9RYmhyEwYZwL5vyUNWPA2Q","DMDM TQ1 lot 3 #355","V7g7vT4a6Prj67exvnmQKa","https://gosqas.org/history/V7g7vT4a6Prj67exvnmQKa","F"
"QTVXD5s1ybzX2gBf2G95Mu","https://gosqas.org/record/QTVXD5s1ybzX2gBf2G95Mu","DMDM TQ1 lot 3","9RYmhyEwYZwL5vyUNWPA2Q","DMDM TQ1 lot 3 #356","MKdzcmduGAR3AKcvaZvV8J","https://gosqas.org/history/MKdzcmduGAR3AKcvaZvV8J","F"
"QTVXD5s1ybzX2gBf2G95Mu","https://gosqas.org/record/QTVXD5s1ybzX2gBf2G95Mu","DMDM TQ1 lot 3","9RYmhyEwYZwL5vyUNWPA2Q","DMDM TQ1 lot 3 #357","XnmTe5VR9fkrUhrNgB75qT","https://gosqas.org/history/XnmTe5VR9fkrUhrNgB75qT","F"
"QTVXD5s1ybzX2gBf2G95Mu","https://gosqas.org/record/QTVXD5s1ybzX2gBf2G95Mu","DMDM TQ1 lot 3","9RYmhyEwYZwL5vyUNWPA2Q","DMDM TQ1 lot 3 #358","KhwqhN8gwm8evJVZ5yU1Tz","https://gosqas.org/history/KhwqhN8gwm8evJVZ5yU1Tz","F"
"QTVXD5s1ybzX2gBf2G95Mu","https://gosqas.org/record/QTVXD5s1ybzX2gBf2G95Mu","DMDM TQ1 lot 3","9RYmhyEwYZwL5vyUNWPA2Q","DMDM TQ1 lot 3 #359","XgpTiamoutobzjw3Bp8QEw","https://gosqas.org/history/XgpTiamoutobzjw3Bp8QEw","F"
"QTVXD5s1ybzX2gBf2G95Mu","https://gosqas.org/record/QTVXD5s1ybzX2gBf2G95Mu","DMDM TQ1 lot 3","9RYmhyEwYZwL5vyUNWPA2Q","DMDM TQ1 lot 3 #360","8VfrKJnuLiTqpEc6jxs6pQ","https://gosqas.org/history/8VfrKJnuLiTqpEc6jxs6pQ","F"
"QTVXD5s1ybzX2gBf2G95Mu","https://gosqas.org/record/QTVXD5s1ybzX2gBf2G95Mu","DMDM TQ1 lot 3","9RYmhyEwYZwL5vyUNWPA2Q","DMDM TQ1 lot 3 #361","TRx1ks7bGWBggBP7ujpCVw","https://gosqas.org/history/TRx1ks7bGWBggBP7ujpCVw","F"
"QTVXD5s1ybzX2gBf2G95Mu","https://gosqas.org/record/QTVXD5s1ybzX2gBf2G95Mu","DMDM TQ1 lot 3","9RYmhyEwYZwL5vyUNWPA2Q","DMDM TQ1 lot 3 #362","AbP1fcP5ETDEK6H3puGEPd","https://gosqas.org/history/AbP1fcP5ETDEK6H3puGEPd","F"
"QTVXD5s1ybzX2gBf2G95Mu","https://gosqas.org/record/QTVXD5s1ybzX2gBf2G95Mu","DMDM TQ1 lot 3","9RYmhyEwYZwL5vyUNWPA2Q","DMDM TQ1 lot 3 #363","6f9rstB2Jnn3ZsCeHGawRf","https://gosqas.org/history/6f9rstB2Jnn3ZsCeHGawRf","F"
"QTVXD5s1ybzX2gBf2G95Mu","https://gosqas.org/record/QTVXD5s1ybzX2gBf2G95Mu","DMDM TQ1 lot 3","9RYmhyEwYZwL5vyUNWPA2Q","DMDM TQ1 lot 3 #364","WA6c3Av9moFhM7iD7exv5n","https://gosqas.org/history/WA6c3Av9moFhM7iD7exv5n","F"
"QTVXD5s1ybzX2gBf2G95Mu","https://gosqas.org/record/QTVXD5s1ybzX2gBf2G95Mu","DMDM TQ1 lot 3","9RYmhyEwYZwL5vyUNWPA2Q","DMDM TQ1 lot 3 #365","2jsmpyBLpLT7Ee5YJxyLjC","https://gosqas.org/history/2jsmpyBLpLT7Ee5YJxyLjC","F"
"QTVXD5s1ybzX2gBf2G95Mu","https://gosqas.org/record/QTVXD5s1ybzX2gBf2G95Mu","DMDM TQ1 lot 3","9RYmhyEwYZwL5vyUNWPA2Q","DMDM TQ1 lot 3 #366","5gjGPYqyo7jd9LM9RkafQk","https://gosqas.org/history/5gjGPYqyo7jd9LM9RkafQk","F"
"QTVXD5s1ybzX2gBf2G95Mu","https://gosqas.org/record/QTVXD5s1ybzX2gBf2G95Mu","DMDM TQ1 lot 3","9RYmhyEwYZwL5vyUNWPA2Q","DMDM TQ1 lot 3 #367","UbLDTMAZ5sCpVXBMD5nYb1","https://gosqas.org/history/UbLDTMAZ5sCpVXBMD5nYb1","F"
"QTVXD5s1ybzX2gBf2G95Mu","https://gosqas.org/record/QTVXD5s1ybzX2gBf2G95Mu","DMDM TQ1 lot 3","9RYmhyEwYZwL5vyUNWPA2Q","DMDM TQ1 lot 3 #368","KrBxSt1PqU74o7wTDxr4SD","https://gosqas.org/history/KrBxSt1PqU74o7wTDxr4SD","F"
"QTVXD5s1ybzX2gBf2G95Mu","https://gosqas.org/record/QTVXD5s1ybzX2gBf2G95Mu","DMDM TQ1 lot 3","9RYmhyEwYZwL5vyUNWPA2Q","DMDM TQ1 lot 3 #369","P6rfEEm8zRoAAiYBmTgGUh","https://gosqas.org/history/P6rfEEm8zRoAAiYBmTgGUh","F"
"QTVXD5s1ybzX2gBf2G95Mu","https://gosqas.org/record/QTVXD5s1ybzX2gBf2G95Mu","DMDM TQ1 lot 3","9RYmhyEwYZwL5vyUNWPA2Q","DMDM TQ1 lot 3 #370","V5VnnWQfDpAEysyPkP99hX","https://gosqas.org/history/V5VnnWQfDpAEysyPkP99hX","F"
"QTVXD5s1ybzX2gBf2G95Mu","https://gosqas.org/record/QTVXD5s1ybzX2gBf2G95Mu","DMDM TQ1 lot 3","9RYmhyEwYZwL5vyUNWPA2Q","DMDM TQ1 lot 3 #371","JMHehQNt3rZPmigbWe7wmr","https://gosqas.org/history/JMHehQNt3rZPmigbWe7wmr","F"
"QTVXD5s1ybzX2gBf2G95Mu","https://gosqas.org/record/QTVXD5s1ybzX2gBf2G95Mu","DMDM TQ1 lot 3","9RYmhyEwYZwL5vyUNWPA2Q","DMDM TQ1 lot 3 #372","Gc7jbniiBBzAFBmpdJKDL5","https://gosqas.org/history/Gc7jbniiBBzAFBmpdJKDL5","F"
"QTVXD5s1ybzX2gBf2G95Mu","https://gosqas.org/record/QTVXD5s1ybzX2gBf2G95Mu","DMDM TQ1 lot 3","9RYmhyEwYZwL5vyUNWPA2Q","DMDM TQ1 lot 3 #373","M77vQDKjhfRMqBu127DhXn","https://gosqas.org/history/M77vQDKjhfRMqBu127DhXn","F"
"QTVXD5s1ybzX2gBf2G95Mu","https://gosqas.org/record/QTVXD5s1ybzX2gBf2G95Mu","DMDM TQ1 lot 3","9RYmhyEwYZwL5vyUNWPA2Q","DMDM TQ1 lot 3 #374","7iyHaWZ3njxLZonADQeJ7g","https://gosqas.org/history/7iyHaWZ3njxLZonADQeJ7g","F"
"QTVXD5s1ybzX2gBf2G95Mu","https://gosqas.org/record/QTVXD5s1ybzX2gBf2G95Mu","DMDM TQ1 lot 3","9RYmhyEwYZwL5vyUNWPA2Q","DMDM TQ1 lot 3 #375","Qr9hwLGMfkVWJvnwJUXxyq","https://gosqas.org/history/Qr9hwLGMfkVWJvnwJUXxyq","F"
"QTVXD5s1ybzX2gBf2G95Mu","https://gosqas.org/record/QTVXD5s1ybzX2gBf2G95Mu","DMDM TQ1 lot 3","9RYmhyEwYZwL5vyUNWPA2Q","DMDM TQ1 lot 3 #376","Day4oppMcbGgU2xqcN3rXj","https://gosqas.org/history/Day4oppMcbGgU2xqcN3rXj","F"
"QTVXD5s1ybzX2gBf2G95Mu","https://gosqas.org/record/QTVXD5s1ybzX2gBf2G95Mu","DMDM TQ1 lot 3","9RYmhyEwYZwL5vyUNWPA2Q","DMDM TQ1 lot 3 #377","FW5fUihnoYSQTqNPUhqyLJ","https://gosqas.org/history/FW5fUihnoYSQTqNPUhqyLJ","F"
"QTVXD5s1ybzX2gBf2G95Mu","https://gosqas.org/record/QTVXD5s1ybzX2gBf2G95Mu","DMDM TQ1 lot 3","9RYmhyEwYZwL5vyUNWPA2Q","DMDM TQ1 lot 3 #378","Mw9yLrr7L9RtuSWY6Gpcx7","https://gosqas.org/history/Mw9yLrr7L9RtuSWY6Gpcx7","F"
"QTVXD5s1ybzX2gBf2G95Mu","https://gosqas.org/record/QTVXD5s1ybzX2gBf2G95Mu","DMDM TQ1 lot 3","9RYmhyEwYZwL5vyUNWPA2Q","DMDM TQ1 lot 3 #379","RLUWoLT9JTibkT7Qqx5mMR","https://gosqas.org/history/RLUWoLT9JTibkT7Qqx5mMR","F"
"QTVXD5s1ybzX2gBf2G95Mu","https://gosqas.org/record/QTVXD5s1ybzX2gBf2G95Mu","DMDM TQ1 lot 3","9RYmhyEwYZwL5vyUNWPA2Q","DMDM TQ1 lot 3 #380","C7Wz9cfYnKJJ6ag1ozr5sb","https://gosqas.org/history/C7Wz9cfYnKJJ6ag1ozr5sb","F"
"QTVXD5s1ybzX2gBf2G95Mu","https://gosqas.org/record/QTVXD5s1ybzX2gBf2G95Mu","DMDM TQ1 lot 3","9RYmhyEwYZwL5vyUNWPA2Q","DMDM TQ1 lot 3 #381","M1p37SmruQL6vihpVgKHaR","https://gosqas.org/history/M1p37SmruQL6vihpVgKHaR","F"
"QTVXD5s1ybzX2gBf2G95Mu","https://gosqas.org/record/QTVXD5s1ybzX2gBf2G95Mu","DMDM TQ1 lot 3","9RYmhyEwYZwL5vyUNWPA2Q","DMDM TQ1 lot 3 #382","EtrPcL1X8ky4jGFcPRaqJD","https://gosqas.org/history/EtrPcL1X8ky4jGFcPRaqJD","F"
"QTVXD5s1ybzX2gBf2G95Mu","https://gosqas.org/record/QTVXD5s1ybzX2gBf2G95Mu","DMDM TQ1 lot 3","9RYmhyEwYZwL5vyUNWPA2Q","DMDM TQ1 lot 3 #383","Uh84SQD2YPYhHpWeibgPXb","https://gosqas.org/history/Uh84SQD2YPYhHpWeibgPXb","F"
"QTVXD5s1ybzX2gBf2G95Mu","https://gosqas.org/record/QTVXD5s1ybzX2gBf2G95Mu","DMDM TQ1 lot 3","9RYmhyEwYZwL5vyUNWPA2Q","DMDM TQ1 lot 3 #384","KMwGPuFEevWLChuKh5eqGk","https://gosqas.org/history/KMwGPuFEevWLChuKh5eqGk","F"
"QTVXD5s1ybzX2gBf2G95Mu","https://gosqas.org/record/QTVXD5s1ybzX2gBf2G95Mu","DMDM TQ1 lot 3","9RYmhyEwYZwL5vyUNWPA2Q","DMDM TQ1 lot 3 #385","LLby5mkLqKU3QABYjGyH1g","https://gosqas.org/history/LLby5mkLqKU3QABYjGyH1g","F"
"QTVXD5s1ybzX2gBf2G95Mu","https://gosqas.org/record/QTVXD5s1ybzX2gBf2G95Mu","DMDM TQ1 lot 3","9RYmhyEwYZwL5vyUNWPA2Q","DMDM TQ1 lot 3 #386","FgZVg6X1SegHqJn5QzH1D1","https://gosqas.org/history/FgZVg6X1SegHqJn5QzH1D1","F"
"QTVXD5s1ybzX2gBf2G95Mu","https://gosqas.org/record/QTVXD5s1ybzX2gBf2G95Mu","DMDM TQ1 lot 3","9RYmhyEwYZwL5vyUNWPA2Q","DMDM TQ1 lot 3 #387","4CLDNKxV2hnhqiDHHd5rAW","https://gosqas.org/history/4CLDNKxV2hnhqiDHHd5rAW","F"
"QTVXD5s1ybzX2gBf2G95Mu","https://gosqas.org/record/QTVXD5s1ybzX2gBf2G95Mu","DMDM TQ1 lot 3","9RYmhyEwYZwL5vyUNWPA2Q","DMDM TQ1 lot 3 #388","LzwqJckTLz4KKg48sBztcn","https://gosqas.org/history/LzwqJckTLz4KKg48sBztcn","F"
"QTVXD5s1ybzX2gBf2G95Mu","https://gosqas.org/record/QTVXD5s1ybzX2gBf2G95Mu","DMDM TQ1 lot 3","9RYmhyEwYZwL5vyUNWPA2Q","DMDM TQ1 lot 3 #389","7DaPYjAhUj2ZQg55eXFwVZ","https://gosqas.org/history/7DaPYjAhUj2ZQg55eXFwVZ","F"
"QTVXD5s1ybzX2gBf2G95Mu","https://gosqas.org/record/QTVXD5s1ybzX2gBf2G95Mu","DMDM TQ1 lot 3","9RYmhyEwYZwL5vyUNWPA2Q","DMDM TQ1 lot 3 #390","Fyf25FxiWKPHcauNVUgxRW","https://gosqas.org/history/Fyf25FxiWKPHcauNVUgxRW","F"
"QTVXD5s1ybzX2gBf2G95Mu","https://gosqas.org/record/QTVXD5s1ybzX2gBf2G95Mu","DMDM TQ1 lot 3","9RYmhyEwYZwL5vyUNWPA2Q","DMDM TQ1 lot 3 #391","TQ2fAesjuidj65YoM2F9uW","https://gosqas.org/history/TQ2fAesjuidj65YoM2F9uW","F"
"QTVXD5s1ybzX2gBf2G95Mu","https://gosqas.org/record/QTVXD5s1ybzX2gBf2G95Mu","DMDM TQ1 lot 3","9RYmhyEwYZwL5vyUNWPA2Q","DMDM TQ1 lot 3 #392","RgXtjdLCESUTf8hWS7wd7w","https://gosqas.org/history/RgXtjdLCESUTf8hWS7wd7w","F"
"QTVXD5s1ybzX2gBf2G95Mu","https://gosqas.org/record/QTVXD5s1ybzX2gBf2G95Mu","DMDM TQ1 lot 3","9RYmhyEwYZwL5vyUNWPA2Q","DMDM TQ1 lot 3 #393","Sggh8ECijpSwcpzxKRsnRL","https://gosqas.org/history/Sggh8ECijpSwcpzxKRsnRL","F"
"QTVXD5s1ybzX2gBf2G95Mu","https://gosqas.org/record/QTVXD5s1ybzX2gBf2G95Mu","DMDM TQ1 lot 3","9RYmhyEwYZwL5vyUNWPA2Q","DMDM TQ1 lot 3 #394","EvifB9LQuvTJn1qsfPfjkk","https://gosqas.org/history/EvifB9LQuvTJn1qsfPfjkk","F"
"QTVXD5s1ybzX2gBf2G95Mu","https://gosqas.org/record/QTVXD5s1ybzX2gBf2G95Mu","DMDM TQ1 lot 3","9RYmhyEwYZwL5vyUNWPA2Q","DMDM TQ1 lot 3 #395","2dmkWWt6RZHLpH7vjjjbr4","https://gosqas.org/history/2dmkWWt6RZHLpH7vjjjbr4","F"
"QTVXD5s1ybzX2gBf2G95Mu","https://gosqas.org/record/QTVXD5s1ybzX2gBf2G95Mu","DMDM TQ1 lot 3","9RYmhyEwYZwL5vyUNWPA2Q","DMDM TQ1 lot 3 #396","NVxBMhSF1pY1Xqba2FWVHk","https://gosqas.org/history/NVxBMhSF1pY1Xqba2FWVHk","F"
"QTVXD5s1ybzX2gBf2G95Mu","https://gosqas.org/record/QTVXD5s1ybzX2gBf2G95Mu","DMDM TQ1 lot 3","9RYmhyEwYZwL5vyUNWPA2Q","DMDM TQ1 lot 3 #397","3GyhrNt49B7JswdwNjYgrZ","https://gosqas.org/history/3GyhrNt49B7JswdwNjYgrZ","F"
"QTVXD5s1ybzX2gBf2G95Mu","https://gosqas.org/record/QTVXD5s1ybzX2gBf2G95Mu","DMDM TQ1 lot 3","9RYmhyEwYZwL5vyUNWPA2Q","DMDM TQ1 lot 3 #398","8JtJDTpnzsyYpcP97esnjW","https://gosqas.org/history/8JtJDTpnzsyYpcP97esnjW","F"
"QTVXD5s1ybzX2gBf2G95Mu","https://gosqas.org/record/QTVXD5s1ybzX2gBf2G95Mu","DMDM TQ1 lot 3","9RYmhyEwYZwL5vyUNWPA2Q","DMDM TQ1 lot 3 #399","XZStJ4Dm7QoHk6ZCyYYLDL","https://gosqas.org/history/XZStJ4Dm7QoHk6ZCyYYLDL","F"
"QTVXD5s1ybzX2gBf2G95Mu","https://gosqas.org/record/QTVXD5s1ybzX2gBf2G95Mu","DMDM TQ1 lot 3","9RYmhyEwYZwL5vyUNWPA2Q","DMDM TQ1 lot 3 #400","LynKBZZvUgSx8eQU4xnUFw","https://gosqas.org/history/LynKBZZvUgSx8eQU4xnUFw","F"
"QTVXD5s1ybzX2gBf2G95Mu","https://gosqas.org/record/QTVXD5s1ybzX2gBf2G95Mu","DMDM TQ1 lot 3","9RYmhyEwYZwL5vyUNWPA2Q","DMDM TQ1 lot 3 #401","P5a8moQTfugwEk5ZP2NvLU","https://gosqas.org/history/P5a8moQTfugwEk5ZP2NvLU","F"
"QTVXD5s1ybzX2gBf2G95Mu","https://gosqas.org/record/QTVXD5s1ybzX2gBf2G95Mu","DMDM TQ1 lot 3","9RYmhyEwYZwL5vyUNWPA2Q","DMDM TQ1 lot 3 #402","QzbFkX1EAJNJcvDaptYBxy","https://gosqas.org/history/QzbFkX1EAJNJcvDaptYBxy","F"
"QTVXD5s1ybzX2gBf2G95Mu","https://gosqas.org/record/QTVXD5s1ybzX2gBf2G95Mu","DMDM TQ1 lot 3","9RYmhyEwYZwL5vyUNWPA2Q","DMDM TQ1 lot 3 #403","J5PSnPwdMkLtLhS5AViY4P","https://gosqas.org/history/J5PSnPwdMkLtLhS5AViY4P","F"
"QTVXD5s1ybzX2gBf2G95Mu","https://gosqas.org/record/QTVXD5s1ybzX2gBf2G95Mu","DMDM TQ1 lot 3","9RYmhyEwYZwL5vyUNWPA2Q","DMDM TQ1 lot 3 #404","HGJWTCLp8vqR9n7xE3HGjC","https://gosqas.org/history/HGJWTCLp8vqR9n7xE3HGjC","F"
"QTVXD5s1ybzX2gBf2G95Mu","https://gosqas.org/record/QTVXD5s1ybzX2gBf2G95Mu","DMDM TQ1 lot 3","9RYmhyEwYZwL5vyUNWPA2Q","DMDM TQ1 lot 3 #405","FYbvUsVos22zkqamUTUAk4","https://gosqas.org/history/FYbvUsVos22zkqamUTUAk4","F"
"QTVXD5s1ybzX2gBf2G95Mu","https://gosqas.org/record/QTVXD5s1ybzX2gBf2G95Mu","DMDM TQ1 lot 3","9RYmhyEwYZwL5vyUNWPA2Q","DMDM TQ1 lot 3 #406","PS49dkHYaijjMfS5wWJMoJ","https://gosqas.org/history/PS49dkHYaijjMfS5wWJMoJ","F"
"QTVXD5s1ybzX2gBf2G95Mu","https://gosqas.org/record/QTVXD5s1ybzX2gBf2G95Mu","DMDM TQ1 lot 3","9RYmhyEwYZwL5vyUNWPA2Q","DMDM TQ1 lot 3 #407","QMR74LCXHPf7GsPV4LVgA6","https://gosqas.org/history/QMR74LCXHPf7GsPV4LVgA6","F"
"QTVXD5s1ybzX2gBf2G95Mu","https://gosqas.org/record/QTVXD5s1ybzX2gBf2G95Mu","DMDM TQ1 lot 3","9RYmhyEwYZwL5vyUNWPA2Q","DMDM TQ1 lot 3 #408","FvHKBvoYWefrZuGobqf1SA","https://gosqas.org/history/FvHKBvoYWefrZuGobqf1SA","F"
"QTVXD5s1ybzX2gBf2G95Mu","https://gosqas.org/record/QTVXD5s1ybzX2gBf2G95Mu","DMDM TQ1 lot 3","9RYmhyEwYZwL5vyUNWPA2Q","DMDM TQ1 lot 3 #409","Y27wVZxKpvkzVW9jwbkHJH","https://gosqas.org/history/Y27wVZxKpvkzVW9jwbkHJH","F"
"QTVXD5s1ybzX2gBf2G95Mu","https://gosqas.org/record/QTVXD5s1ybzX2gBf2G95Mu","DMDM TQ1 lot 3","9RYmhyEwYZwL5vyUNWPA2Q","DMDM TQ1 lot 3 #410","LMbfNW9tTJrJpMpPbUek51","https://gosqas.org/history/LMbfNW9tTJrJpMpPbUek51","F"
"QTVXD5s1ybzX2gBf2G95Mu","https://gosqas.org/record/QTVXD5s1ybzX2gBf2G95Mu","DMDM TQ1 lot 3","9RYmhyEwYZwL5vyUNWPA2Q","DMDM TQ1 lot 3 #411","ARAetkR8urFw46HV6TwUef","https://gosqas.org/history/ARAetkR8urFw46HV6TwUef","F"
"QTVXD5s1ybzX2gBf2G95Mu","https://gosqas.org/record/QTVXD5s1ybzX2gBf2G95Mu","DMDM TQ1 lot 3","9RYmhyEwYZwL5vyUNWPA2Q","DMDM TQ1 lot 3 #412","VFTidC67GvwTj26xBZ1tp4","https://gosqas.org/history/VFTidC67GvwTj26xBZ1tp4","F"
"QTVXD5s1ybzX2gBf2G95Mu","https://gosqas.org/record/QTVXD5s1ybzX2gBf2G95Mu","DMDM TQ1 lot 3","9RYmhyEwYZwL5vyUNWPA2Q","DMDM TQ1 lot 3 #413","2Qv5gF4JEiPTU56diX2q67","https://gosqas.org/history/2Qv5gF4JEiPTU56diX2q67","F"
"QTVXD5s1ybzX2gBf2G95Mu","https://gosqas.org/record/QTVXD5s1ybzX2gBf2G95Mu","DMDM TQ1 lot 3","9RYmhyEwYZwL5vyUNWPA2Q","DMDM TQ1 lot 3 #414","LttxRvbnNHa3LV8iGMtM38","https://gosqas.org/history/LttxRvbnNHa3LV8iGMtM38","F"
"QTVXD5s1ybzX2gBf2G95Mu","https://gosqas.org/record/QTVXD5s1ybzX2gBf2G95Mu","DMDM TQ1 lot 3","9RYmhyEwYZwL5vyUNWPA2Q","DMDM TQ1 lot 3 #415","9AY1ZhMD3aYoiTuE6nESHn","https://gosqas.org/history/9AY1ZhMD3aYoiTuE6nESHn","F"
"QTVXD5s1ybzX2gBf2G95Mu","https://gosqas.org/record/QTVXD5s1ybzX2gBf2G95Mu","DMDM TQ1 lot 3","9RYmhyEwYZwL5vyUNWPA2Q","DMDM TQ1 lot 3 #416","BUNRVZJyEDKkmS2fdp8qjt","https://gosqas.org/history/BUNRVZJyEDKkmS2fdp8qjt","F"
"QTVXD5s1ybzX2gBf2G95Mu","https://gosqas.org/record/QTVXD5s1ybzX2gBf2G95Mu","DMDM TQ1 lot 3","9RYmhyEwYZwL5vyUNWPA2Q","DMDM TQ1 lot 3 #417","XYzPGJ2eyDP38rRMPfJ2SW","https://gosqas.org/history/XYzPGJ2eyDP38rRMPfJ2SW","F"
"QTVXD5s1ybzX2gBf2G95Mu","https://gosqas.org/record/QTVXD5s1ybzX2gBf2G95Mu","DMDM TQ1 lot 3","9RYmhyEwYZwL5vyUNWPA2Q","DMDM TQ1 lot 3 #418","2R5VNRJso4iVoXNd1VW9Ud","https://gosqas.org/history/2R5VNRJso4iVoXNd1VW9Ud","F"
"QTVXD5s1ybzX2gBf2G95Mu","https://gosqas.org/record/QTVXD5s1ybzX2gBf2G95Mu","DMDM TQ1 lot 3","9RYmhyEwYZwL5vyUNWPA2Q","DMDM TQ1 lot 3 #419","MeoCc1m74Fk48pvzkqagpa","https://gosqas.org/history/MeoCc1m74Fk48pvzkqagpa","F"
"QTVXD5s1ybzX2gBf2G95Mu","https://gosqas.org/record/QTVXD5s1ybzX2gBf2G95Mu","DMDM TQ1 lot 3","9RYmhyEwYZwL5vyUNWPA2Q","DMDM TQ1 lot 3 #420","ALgsRqvq5vqniXUeMSYDn6","https://gosqas.org/history/ALgsRqvq5vqniXUeMSYDn6","F"
"QTVXD5s1ybzX2gBf2G95Mu","https://gosqas.org/record/QTVXD5s1ybzX2gBf2G95Mu","DMDM TQ1 lot 3","9RYmhyEwYZwL5vyUNWPA2Q","DMDM TQ1 lot 3 #421","9QnU3fCXF4LLqtNcwQszF5","https://gosqas.org/history/9QnU3fCXF4LLqtNcwQszF5","F"
"QTVXD5s1ybzX2gBf2G95Mu","https://gosqas.org/record/QTVXD5s1ybzX2gBf2G95Mu","DMDM TQ1 lot 3","9RYmhyEwYZwL5vyUNWPA2Q","DMDM TQ1 lot 3 #422","FUarhaAwL1mogH4VJDvhPF","https://gosqas.org/history/FUarhaAwL1mogH4VJDvhPF","F"
"QTVXD5s1ybzX2gBf2G95Mu","https://gosqas.org/record/QTVXD5s1ybzX2gBf2G95Mu","DMDM TQ1 lot 3","9RYmhyEwYZwL5vyUNWPA2Q","DMDM TQ1 lot 3 #423","AYPSZZBQBK3psbbNTNJbzT","https://gosqas.org/history/AYPSZZBQBK3psbbNTNJbzT","F"
"QTVXD5s1ybzX2gBf2G95Mu","https://gosqas.org/record/QTVXD5s1ybzX2gBf2G95Mu","DMDM TQ1 lot 3","9RYmhyEwYZwL5vyUNWPA2Q","DMDM TQ1 lot 3 #424","Hcsgr7DVsiSHX4xpGqrk6M","https://gosqas.org/history/Hcsgr7DVsiSHX4xpGqrk6M","F"
"QTVXD5s1ybzX2gBf2G95Mu","https://gosqas.org/record/QTVXD5s1ybzX2gBf2G95Mu","DMDM TQ1 lot 3","9RYmhyEwYZwL5vyUNWPA2Q","DMDM TQ1 lot 3 #425","GQYFeqnr2HKX6vQzFUpRjr","https://gosqas.org/history/GQYFeqnr2HKX6vQzFUpRjr","F"
"QTVXD5s1ybzX2gBf2G95Mu","https://gosqas.org/record/QTVXD5s1ybzX2gBf2G95Mu","DMDM TQ1 lot 3","9RYmhyEwYZwL5vyUNWPA2Q","DMDM TQ1 lot 3 #426","U4M8MuV4M5FKkaQkaZjSjH","https://gosqas.org/history/U4M8MuV4M5FKkaQkaZjSjH","F"
"QTVXD5s1ybzX2gBf2G95Mu","https://gosqas.org/record/QTVXD5s1ybzX2gBf2G95Mu","DMDM TQ1 lot 3","9RYmhyEwYZwL5vyUNWPA2Q","DMDM TQ1 lot 3 #427","PAffFF4JGC7iixzUbqzVXz","https://gosqas.org/history/PAffFF4JGC7iixzUbqzVXz","F"
"QTVXD5s1ybzX2gBf2G95Mu","https://gosqas.org/record/QTVXD5s1ybzX2gBf2G95Mu","DMDM TQ1 lot 3","9RYmhyEwYZwL5vyUNWPA2Q","DMDM TQ1 lot 3 #428","3jduY7ebFkE2KEgzX1dytX","https://gosqas.org/history/3jduY7ebFkE2KEgzX1dytX","F"
"QTVXD5s1ybzX2gBf2G95Mu","https://gosqas.org/record/QTVXD5s1ybzX2gBf2G95Mu","DMDM TQ1 lot 3","9RYmhyEwYZwL5vyUNWPA2Q","DMDM TQ1 lot 3 #429","SFj95WNsnwCGPpFbrmbNZ5","https://gosqas.org/history/SFj95WNsnwCGPpFbrmbNZ5","F"
"QTVXD5s1ybzX2gBf2G95Mu","https://gosqas.org/record/QTVXD5s1ybzX2gBf2G95Mu","DMDM TQ1 lot 3","9RYmhyEwYZwL5vyUNWPA2Q","DMDM TQ1 lot 3 #430","3itk5AJKQN9EBf6Z5xDkYu","https://gosqas.org/history/3itk5AJKQN9EBf6Z5xDkYu","F"
"QTVXD5s1ybzX2gBf2G95Mu","https://gosqas.org/record/QTVXD5s1ybzX2gBf2G95Mu","DMDM TQ1 lot 3","9RYmhyEwYZwL5vyUNWPA2Q","DMDM TQ1 lot 3 #431","YT2AMxGWHagvYFjf3guJ8F","https://gosqas.org/history/YT2AMxGWHagvYFjf3guJ8F","F"
"QTVXD5s1ybzX2gBf2G95Mu","https://gosqas.org/record/QTVXD5s1ybzX2gBf2G95Mu","DMDM TQ1 lot 3","9RYmhyEwYZwL5vyUNWPA2Q","DMDM TQ1 lot 3 #432","KqrFXZvG4wYrLhNXeo3yYi","https://gosqas.org/history/KqrFXZvG4wYrLhNXeo3yYi","F"
"QTVXD5s1ybzX2gBf2G95Mu","https://gosqas.org/record/QTVXD5s1ybzX2gBf2G95Mu","DMDM TQ1 lot 3","9RYmhyEwYZwL5vyUNWPA2Q","DMDM TQ1 lot 3 #433","RwcyYnEtiVfUDDq7sYXju9","https://gosqas.org/history/RwcyYnEtiVfUDDq7sYXju9","F"
"QTVXD5s1ybzX2gBf2G95Mu","https://gosqas.org/record/QTVXD5s1ybzX2gBf2G95Mu","DMDM TQ1 lot 3","9RYmhyEwYZwL5vyUNWPA2Q","DMDM TQ1 lot 3 #434","8JrdyFffrnEpTbPkCtFqaJ","https://gosqas.org/history/8JrdyFffrnEpTbPkCtFqaJ","F"
"QTVXD5s1ybzX2gBf2G95Mu","https://gosqas.org/record/QTVXD5s1ybzX2gBf2G95Mu","DMDM TQ1 lot 3","9RYmhyEwYZwL5vyUNWPA2Q","DMDM TQ1 lot 3 #435","ChkGbPaqQmq3ze9wPc4kBF","https://gosqas.org/history/ChkGbPaqQmq3ze9wPc4kBF","F"
"QTVXD5s1ybzX2gBf2G95Mu","https://gosqas.org/record/QTVXD5s1ybzX2gBf2G95Mu","DMDM TQ1 lot 3","9RYmhyEwYZwL5vyUNWPA2Q","DMDM TQ1 lot 3 #436","R5qgVeMjZTxG7rkrVdXFTn","https://gosqas.org/history/R5qgVeMjZTxG7rkrVdXFTn","F"
"QTVXD5s1ybzX2gBf2G95Mu","https://gosqas.org/record/QTVXD5s1ybzX2gBf2G95Mu","DMDM TQ1 lot 3","9RYmhyEwYZwL5vyUNWPA2Q","DMDM TQ1 lot 3 #437","WcsZwzrBGKYYzRQMLqVTgo","https://gosqas.org/history/WcsZwzrBGKYYzRQMLqVTgo","F"
"QTVXD5s1ybzX2gBf2G95Mu","https://gosqas.org/record/QTVXD5s1ybzX2gBf2G95Mu","DMDM TQ1 lot 3","9RYmhyEwYZwL5vyUNWPA2Q","DMDM TQ1 lot 3 #438","GvXvbMeg89dnCaPnKE2uro","https://gosqas.org/history/GvXvbMeg89dnCaPnKE2uro","F"
"QTVXD5s1ybzX2gBf2G95Mu","https://gosqas.org/record/QTVXD5s1ybzX2gBf2G95Mu","DMDM TQ1 lot 3","9RYmhyEwYZwL5vyUNWPA2Q","DMDM TQ1 lot 3 #439","FYLy6tZAe9C6wNjZ44ws81","https://gosqas.org/history/FYLy6tZAe9C6wNjZ44ws81","F"
"QTVXD5s1ybzX2gBf2G95Mu","https://gosqas.org/record/QTVXD5s1ybzX2gBf2G95Mu","DMDM TQ1 lot 3","9RYmhyEwYZwL5vyUNWPA2Q","DMDM TQ1 lot 3 #440","9NHhSrAQTgZLRwfVkkD1ge","https://gosqas.org/history/9NHhSrAQTgZLRwfVkkD1ge","F"
"QTVXD5s1ybzX2gBf2G95Mu","https://gosqas.org/record/QTVXD5s1ybzX2gBf2G95Mu","DMDM TQ1 lot 3","9RYmhyEwYZwL5vyUNWPA2Q","DMDM TQ1 lot 3 #441","PqnoSwJyRGhykJoJamcPgv","https://gosqas.org/history/PqnoSwJyRGhykJoJamcPgv","F"
"QTVXD5s1ybzX2gBf2G95Mu","https://gosqas.org/record/QTVXD5s1ybzX2gBf2G95Mu","DMDM TQ1 lot 3","9RYmhyEwYZwL5vyUNWPA2Q","DMDM TQ1 lot 3 #442","3yzhEgErqoioVncWtVuKjm","https://gosqas.org/history/3yzhEgErqoioVncWtVuKjm","F"
"QTVXD5s1ybzX2gBf2G95Mu","https://gosqas.org/record/QTVXD5s1ybzX2gBf2G95Mu","DMDM TQ1 lot 3","9RYmhyEwYZwL5vyUNWPA2Q","DMDM TQ1 lot 3 #443","EYSxKkxNbPhMZ8FpxsegYc","https://gosqas.org/history/EYSxKkxNbPhMZ8FpxsegYc","F"
"QTVXD5s1ybzX2gBf2G95Mu","https://gosqas.org/record/QTVXD5s1ybzX2gBf2G95Mu","DMDM TQ1 lot 3","9RYmhyEwYZwL5vyUNWPA2Q","DMDM TQ1 lot 3 #444","5UK5Lzv2cHBy51Nc2cC5RK","https://gosqas.org/history/5UK5Lzv2cHBy51Nc2cC5RK","F"
"QTVXD5s1ybzX2gBf2G95Mu","https://gosqas.org/record/QTVXD5s1ybzX2gBf2G95Mu","DMDM TQ1 lot 3","9RYmhyEwYZwL5vyUNWPA2Q","DMDM TQ1 lot 3 #445","UPftY2Xd99d77V8sdm4eRo","https://gosqas.org/history/UPftY2Xd99d77V8sdm4eRo","F"
"QTVXD5s1ybzX2gBf2G95Mu","https://gosqas.org/record/QTVXD5s1ybzX2gBf2G95Mu","DMDM TQ1 lot 3","9RYmhyEwYZwL5vyUNWPA2Q","DMDM TQ1 lot 3 #446","GnriqkZdqsADgdaLr3Nj3W","https://gosqas.org/history/GnriqkZdqsADgdaLr3Nj3W","F"
"QTVXD5s1ybzX2gBf2G95Mu","https://gosqas.org/record/QTVXD5s1ybzX2gBf2G95Mu","DMDM TQ1 lot 3","9RYmhyEwYZwL5vyUNWPA2Q","DMDM TQ1 lot 3 #447","H9F3anGugmDftoaRFezHNJ","https://gosqas.org/history/H9F3anGugmDftoaRFezHNJ","F"
"QTVXD5s1ybzX2gBf2G95Mu","https://gosqas.org/record/QTVXD5s1ybzX2gBf2G95Mu","DMDM TQ1 lot 3","9RYmhyEwYZwL5vyUNWPA2Q","DMDM TQ1 lot 3 #448","92dm7XRupMKGLGKd5X1Tcd","https://gosqas.org/history/92dm7XRupMKGLGKd5X1Tcd","F"
"QTVXD5s1ybzX2gBf2G95Mu","https://gosqas.org/record/QTVXD5s1ybzX2gBf2G95Mu","DMDM TQ1 lot 3","9RYmhyEwYZwL5vyUNWPA2Q","DMDM TQ1 lot 3 #449","4hGsxkNTNzyW66ThuskGgH","https://gosqas.org/history/4hGsxkNTNzyW66ThuskGgH","F"
"QTVXD5s1ybzX2gBf2G95Mu","https://gosqas.org/record/QTVXD5s1ybzX2gBf2G95Mu","DMDM TQ1 lot 3","9RYmhyEwYZwL5vyUNWPA2Q","DMDM TQ1 lot 3 #450","NAnANrkpePnSeV2gJKLpV6","https://gosqas.org/history/NAnANrkpePnSeV2gJKLpV6","F"
"QTVXD5s1ybzX2gBf2G95Mu","https://gosqas.org/record/QTVXD5s1ybzX2gBf2G95Mu","DMDM TQ1 lot 3","9RYmhyEwYZwL5vyUNWPA2Q","DMDM TQ1 lot 3 #451","4NKyBVtzcZsu35pkHBDG3L","https://gosqas.org/history/4NKyBVtzcZsu35pkHBDG3L","F"
"QTVXD5s1ybzX2gBf2G95Mu","https://gosqas.org/record/QTVXD5s1ybzX2gBf2G95Mu","DMDM TQ1 lot 3","9RYmhyEwYZwL5vyUNWPA2Q","DMDM TQ1 lot 3 #452","RXt1ksBESywC3r6otnE1pv","https://gosqas.org/history/RXt1ksBESywC3r6otnE1pv","F"
"QTVXD5s1ybzX2gBf2G95Mu","https://gosqas.org/record/QTVXD5s1ybzX2gBf2G95Mu","DMDM TQ1 lot 3","9RYmhyEwYZwL5vyUNWPA2Q","DMDM TQ1 lot 3 #453","ASKQdtnovV4cEVLgDoR1Uh","https://gosqas.org/history/ASKQdtnovV4cEVLgDoR1Uh","F"
"QTVXD5s1ybzX2gBf2G95Mu","https://gosqas.org/record/QTVXD5s1ybzX2gBf2G95Mu","DMDM TQ1 lot 3","9RYmhyEwYZwL5vyUNWPA2Q","DMDM TQ1 lot 3 #454","D2e4BJNanBJknyqdEH9nQT","https://gosqas.org/history/D2e4BJNanBJknyqdEH9nQT","F"
"QTVXD5s1ybzX2gBf2G95Mu","https://gosqas.org/record/QTVXD5s1ybzX2gBf2G95Mu","DMDM TQ1 lot 3","9RYmhyEwYZwL5vyUNWPA2Q","DMDM TQ1 lot 3 #455","7PR2hHWMdCKxZFwE94zFoJ","https://gosqas.org/history/7PR2hHWMdCKxZFwE94zFoJ","F"
"QTVXD5s1ybzX2gBf2G95Mu","https://gosqas.org/record/QTVXD5s1ybzX2gBf2G95Mu","DMDM TQ1 lot 3","9RYmhyEwYZwL5vyUNWPA2Q","DMDM TQ1 lot 3 #456","HitcmpoJNQNDffK3WFx6ZL","https://gosqas.org/history/HitcmpoJNQNDffK3WFx6ZL","F"
"QTVXD5s1ybzX2gBf2G95Mu","https://gosqas.org/record/QTVXD5s1ybzX2gBf2G95Mu","DMDM TQ1 lot 3","9RYmhyEwYZwL5vyUNWPA2Q","DMDM TQ1 lot 3 #457","AP4fTz6JKrovVEMMYaJMok","https://gosqas.org/history/AP4fTz6JKrovVEMMYaJMok","F"
"QTVXD5s1ybzX2gBf2G95Mu","https://gosqas.org/record/QTVXD5s1ybzX2gBf2G95Mu","DMDM TQ1 lot 3","9RYmhyEwYZwL5vyUNWPA2Q","DMDM TQ1 lot 3 #458","QpcgopmZYWauwkQHMzJcbo","https://gosqas.org/history/QpcgopmZYWauwkQHMzJcbo","F"
"QTVXD5s1ybzX2gBf2G95Mu","https://gosqas.org/record/QTVXD5s1ybzX2gBf2G95Mu","DMDM TQ1 lot 3","9RYmhyEwYZwL5vyUNWPA2Q","DMDM TQ1 lot 3 #459","HezJMuCTueU2rApuMWTJv1","https://gosqas.org/history/HezJMuCTueU2rApuMWTJv1","F"
"QTVXD5s1ybzX2gBf2G95Mu","https://gosqas.org/record/QTVXD5s1ybzX2gBf2G95Mu","DMDM TQ1 lot 3","9RYmhyEwYZwL5vyUNWPA2Q","DMDM TQ1 lot 3 #460","XNG1fpXmLAupiuhGPsVLEm","https://gosqas.org/history/XNG1fpXmLAupiuhGPsVLEm","F"
"QTVXD5s1ybzX2gBf2G95Mu","https://gosqas.org/record/QTVXD5s1ybzX2gBf2G95Mu","DMDM TQ1 lot 3","9RYmhyEwYZwL5vyUNWPA2Q","DMDM TQ1 lot 3 #461","Wqh3F635L4xfS5xsFmAXpV","https://gosqas.org/history/Wqh3F635L4xfS5xsFmAXpV","F"
"QTVXD5s1ybzX2gBf2G95Mu","https://gosqas.org/record/QTVXD5s1ybzX2gBf2G95Mu","DMDM TQ1 lot 3","9RYmhyEwYZwL5vyUNWPA2Q","DMDM TQ1 lot 3 #462","RKdPfK8sWsccoHHNpk9nkE","https://gosqas.org/history/RKdPfK8sWsccoHHNpk9nkE","F"
"QTVXD5s1ybzX2gBf2G95Mu","https://gosqas.org/record/QTVXD5s1ybzX2gBf2G95Mu","DMDM TQ1 lot 3","9RYmhyEwYZwL5vyUNWPA2Q","DMDM TQ1 lot 3 #463","AHD78Z1LKW3Jj4NXLqkmJF","https://gosqas.org/history/AHD78Z1LKW3Jj4NXLqkmJF","F"
"QTVXD5s1ybzX2gBf2G95Mu","https://gosqas.org/record/QTVXD5s1ybzX2gBf2G95Mu","DMDM TQ1 lot 3","9RYmhyEwYZwL5vyUNWPA2Q","DMDM TQ1 lot 3 #464","DgcAqXnuKyv4dE5ojf3Vda","https://gosqas.org/history/DgcAqXnuKyv4dE5ojf3Vda","F"
"QTVXD5s1ybzX2gBf2G95Mu","https://gosqas.org/record/QTVXD5s1ybzX2gBf2G95Mu","DMDM TQ1 lot 3","9RYmhyEwYZwL5vyUNWPA2Q","DMDM TQ1 lot 3 #465","RRy2rJrDxmXCJifyC8nKGh","https://gosqas.org/history/RRy2rJrDxmXCJifyC8nKGh","F"
"QTVXD5s1ybzX2gBf2G95Mu","https://gosqas.org/record/QTVXD5s1ybzX2gBf2G95Mu","DMDM TQ1 lot 3","9RYmhyEwYZwL5vyUNWPA2Q","DMDM TQ1 lot 3 #466","NMgPS2tVMSWL3XLoTBq59M","https://gosqas.org/history/NMgPS2tVMSWL3XLoTBq59M","F"
"QTVXD5s1ybzX2gBf2G95Mu","https://gosqas.org/record/QTVXD5s1ybzX2gBf2G95Mu","DMDM TQ1 lot 3","9RYmhyEwYZwL5vyUNWPA2Q","DMDM TQ1 lot 3 #467","Sa1PbNS43fPN6TKshpvz3C","https://gosqas.org/history/Sa1PbNS43fPN6TKshpvz3C","F"
"QTVXD5s1ybzX2gBf2G95Mu","https://gosqas.org/record/QTVXD5s1ybzX2gBf2G95Mu","DMDM TQ1 lot 3","9RYmhyEwYZwL5vyUNWPA2Q","DMDM TQ1 lot 3 #468","9iPSfw7CWYjm473GkYnwKN","https://gosqas.org/history/9iPSfw7CWYjm473GkYnwKN","F"
"QTVXD5s1ybzX2gBf2G95Mu","https://gosqas.org/record/QTVXD5s1ybzX2gBf2G95Mu","DMDM TQ1 lot 3","9RYmhyEwYZwL5vyUNWPA2Q","DMDM TQ1 lot 3 #469","Cwb3Gd6oc1Xy3omrnxAEvz","https://gosqas.org/history/Cwb3Gd6oc1Xy3omrnxAEvz","F"
"QTVXD5s1ybzX2gBf2G95Mu","https://gosqas.org/record/QTVXD5s1ybzX2gBf2G95Mu","DMDM TQ1 lot 3","9RYmhyEwYZwL5vyUNWPA2Q","DMDM TQ1 lot 3 #470","PZWGzuvUN6A3hmnMNngbYy","https://gosqas.org/history/PZWGzuvUN6A3hmnMNngbYy","F"
"QTVXD5s1ybzX2gBf2G95Mu","https://gosqas.org/record/QTVXD5s1ybzX2gBf2G95Mu","DMDM TQ1 lot 3","9RYmhyEwYZwL5vyUNWPA2Q","DMDM TQ1 lot 3 #471","P3aoRCM9TT1dnSejpMXQDM","https://gosqas.org/history/P3aoRCM9TT1dnSejpMXQDM","F"
"QTVXD5s1ybzX2gBf2G95Mu","https://gosqas.org/record/QTVXD5s1ybzX2gBf2G95Mu","DMDM TQ1 lot 3","9RYmhyEwYZwL5vyUNWPA2Q","DMDM TQ1 lot 3 #472","HtX7C43fX28z943h4sCFgW","https://gosqas.org/history/HtX7C43fX28z943h4sCFgW","F"
"QTVXD5s1ybzX2gBf2G95Mu","https://gosqas.org/record/QTVXD5s1ybzX2gBf2G95Mu","DMDM TQ1 lot 3","9RYmhyEwYZwL5vyUNWPA2Q","DMDM TQ1 lot 3 #473","G6Y47nZ8J6a9rfmvHxyj4i","https://gosqas.org/history/G6Y47nZ8J6a9rfmvHxyj4i","F"
"QTVXD5s1ybzX2gBf2G95Mu","https://gosqas.org/record/QTVXD5s1ybzX2gBf2G95Mu","DMDM TQ1 lot 3","9RYmhyEwYZwL5vyUNWPA2Q","DMDM TQ1 lot 3 #474","JK47JsNXCAZYoEguqBk4V8","https://gosqas.org/history/JK47JsNXCAZYoEguqBk4V8","F"
"QTVXD5s1ybzX2gBf2G95Mu","https://gosqas.org/record/QTVXD5s1ybzX2gBf2G95Mu","DMDM TQ1 lot 3","9RYmhyEwYZwL5vyUNWPA2Q","DMDM TQ1 lot 3 #475","RdgndcAP6soWF6Sn3uFCGJ","https://gosqas.org/history/RdgndcAP6soWF6Sn3uFCGJ","F"
"QTVXD5s1ybzX2gBf2G95Mu","https://gosqas.org/record/QTVXD5s1ybzX2gBf2G95Mu","DMDM TQ1 lot 3","9RYmhyEwYZwL5vyUNWPA2Q","DMDM TQ1 lot 3 #476","Jr92i6JusAneVgaydgBk24","https://gosqas.org/history/Jr92i6JusAneVgaydgBk24","F"
"QTVXD5s1ybzX2gBf2G95Mu","https://gosqas.org/record/QTVXD5s1ybzX2gBf2G95Mu","DMDM TQ1 lot 3","9RYmhyEwYZwL5vyUNWPA2Q","DMDM TQ1 lot 3 #477","UvBQeQiRnHFBynQr7bRSu7","https://gosqas.org/history/UvBQeQiRnHFBynQr7bRSu7","F"
"QTVXD5s1ybzX2gBf2G95Mu","https://gosqas.org/record/QTVXD5s1ybzX2gBf2G95Mu","DMDM TQ1 lot 3","9RYmhyEwYZwL5vyUNWPA2Q","DMDM TQ1 lot 3 #478","BwipK58KmcoBDbmDbWjP25","https://gosqas.org/history/BwipK58KmcoBDbmDbWjP25","F"
"QTVXD5s1ybzX2gBf2G95Mu","https://gosqas.org/record/QTVXD5s1ybzX2gBf2G95Mu","DMDM TQ1 lot 3","9RYmhyEwYZwL5vyUNWPA2Q","DMDM TQ1 lot 3 #479","LmZzpbenmZhfRjSxFWA2x8","https://gosqas.org/history/LmZzpbenmZhfRjSxFWA2x8","F"
"QTVXD5s1ybzX2gBf2G95Mu","https://gosqas.org/record/QTVXD5s1ybzX2gBf2G95Mu","DMDM TQ1 lot 3","9RYmhyEwYZwL5vyUNWPA2Q","DMDM TQ1 lot 3 #480","Wo6hb7dKmi3YXtHNoS8zsr","https://gosqas.org/history/Wo6hb7dKmi3YXtHNoS8zsr","F"
"QTVXD5s1ybzX2gBf2G95Mu","https://gosqas.org/record/QTVXD5s1ybzX2gBf2G95Mu","DMDM TQ1 lot 3","9RYmhyEwYZwL5vyUNWPA2Q","DMDM TQ1 lot 3 #481","MMPoYmMFMCfjZcas7oMXYN","https://gosqas.org/history/MMPoYmMFMCfjZcas7oMXYN","F"
"QTVXD5s1ybzX2gBf2G95Mu","https://gosqas.org/record/QTVXD5s1ybzX2gBf2G95Mu","DMDM TQ1 lot 3","9RYmhyEwYZwL5vyUNWPA2Q","DMDM TQ1 lot 3 #482","EdLY1yx8oiaS7mK3Rjcpen","https://gosqas.org/history/EdLY1yx8oiaS7mK3Rjcpen","F"
"QTVXD5s1ybzX2gBf2G95Mu","https://gosqas.org/record/QTVXD5s1ybzX2gBf2G95Mu","DMDM TQ1 lot 3","9RYmhyEwYZwL5vyUNWPA2Q","DMDM TQ1 lot 3 #483","TsVzAsHBNoe4Q2P7h9jcwh","https://gosqas.org/history/TsVzAsHBNoe4Q2P7h9jcwh","F"
"QTVXD5s1ybzX2gBf2G95Mu","https://gosqas.org/record/QTVXD5s1ybzX2gBf2G95Mu","DMDM TQ1 lot 3","9RYmhyEwYZwL5vyUNWPA2Q","DMDM TQ1 lot 3 #484","S2xrg9AFSDrbNJzvqJMZvy","https://gosqas.org/history/S2xrg9AFSDrbNJzvqJMZvy","F"
"QTVXD5s1ybzX2gBf2G95Mu","https://gosqas.org/record/QTVXD5s1ybzX2gBf2G95Mu","DMDM TQ1 lot 3","9RYmhyEwYZwL5vyUNWPA2Q","DMDM TQ1 lot 3 #485","D9X5XK66c6MNf9uHt2Zer5","https://gosqas.org/history/D9X5XK66c6MNf9uHt2Zer5","F"
"QTVXD5s1ybzX2gBf2G95Mu","https://gosqas.org/record/QTVXD5s1ybzX2gBf2G95Mu","DMDM TQ1 lot 3","9RYmhyEwYZwL5vyUNWPA2Q","DMDM TQ1 lot 3 #486","PRCXhfqyHrfunwqUnEB5tu","https://gosqas.org/history/PRCXhfqyHrfunwqUnEB5tu","F"
"QTVXD5s1ybzX2gBf2G95Mu","https://gosqas.org/record/QTVXD5s1ybzX2gBf2G95Mu","DMDM TQ1 lot 3","9RYmhyEwYZwL5vyUNWPA2Q","DMDM TQ1 lot 3 #487","8zL8eSYR3ojsCCe4TbEpAi","https://gosqas.org/history/8zL8eSYR3ojsCCe4TbEpAi","F"
"QTVXD5s1ybzX2gBf2G95Mu","https://gosqas.org/record/QTVXD5s1ybzX2gBf2G95Mu","DMDM TQ1 lot 3","9RYmhyEwYZwL5vyUNWPA2Q","DMDM TQ1 lot 3 #488","KsvFXuuB1shypgA9hsFkK8","https://gosqas.org/history/KsvFXuuB1shypgA9hsFkK8","F"
"QTVXD5s1ybzX2gBf2G95Mu","https://gosqas.org/record/QTVXD5s1ybzX2gBf2G95Mu","DMDM TQ1 lot 3","9RYmhyEwYZwL5vyUNWPA2Q","DMDM TQ1 lot 3 #489","QLC6wmcJLvQxVqBCFeA61p","https://gosqas.org/history/QLC6wmcJLvQxVqBCFeA61p","F"
"QTVXD5s1ybzX2gBf2G95Mu","https://gosqas.org/record/QTVXD5s1ybzX2gBf2G95Mu","DMDM TQ1 lot 3","9RYmhyEwYZwL5vyUNWPA2Q","DMDM TQ1 lot 3 #490","YEBHS9j6NttGVKYkRCjE34","https://gosqas.org/history/YEBHS9j6NttGVKYkRCjE34","F"
"QTVXD5s1ybzX2gBf2G95Mu","https://gosqas.org/record/QTVXD5s1ybzX2gBf2G95Mu","DMDM TQ1 lot 3","9RYmhyEwYZwL5vyUNWPA2Q","DMDM TQ1 lot 3 #491","Eskw2B8Vnbxi4uithBxoM9","https://gosqas.org/history/Eskw2B8Vnbxi4uithBxoM9","F"
"QTVXD5s1ybzX2gBf2G95Mu","https://gosqas.org/record/QTVXD5s1ybzX2gBf2G95Mu","DMDM TQ1 lot 3","9RYmhyEwYZwL5vyUNWPA2Q","DMDM TQ1 lot 3 #492","Uh6L9Lm9GqwVpkdVLqvyZE","https://gosqas.org/history/Uh6L9Lm9GqwVpkdVLqvyZE","F"
"QTVXD5s1ybzX2gBf2G95Mu","https://gosqas.org/record/QTVXD5s1ybzX2gBf2G95Mu","DMDM TQ1 lot 3","9RYmhyEwYZwL5vyUNWPA2Q","DMDM TQ1 lot 3 #493","7iMGkt1s1nykYLUkxEbhbF","https://gosqas.org/history/7iMGkt1s1nykYLUkxEbhbF","F"
"QTVXD5s1ybzX2gBf2G95Mu","https://gosqas.org/record/QTVXD5s1ybzX2gBf2G95Mu","DMDM TQ1 lot 3","9RYmhyEwYZwL5vyUNWPA2Q","DMDM TQ1 lot 3 #494","UR7ahEUwaLW7osSFsZFgeT","https://gosqas.org/history/UR7ahEUwaLW7osSFsZFgeT","F"
"QTVXD5s1ybzX2gBf2G95Mu","https://gosqas.org/record/QTVXD5s1ybzX2gBf2G95Mu","DMDM TQ1 lot 3","9RYmhyEwYZwL5vyUNWPA2Q","DMDM TQ1 lot 3 #495","Kw5FzQ1FVRgY9HUX6i5ctL","https://gosqas.org/history/Kw5FzQ1FVRgY9HUX6i5ctL","F"
"QTVXD5s1ybzX2gBf2G95Mu","https://gosqas.org/record/QTVXD5s1ybzX2gBf2G95Mu","DMDM TQ1 lot 3","9RYmhyEwYZwL5vyUNWPA2Q","DMDM TQ1 lot 3 #496","BbiWYrgmFUrxGVaA5yXakC","https://gosqas.org/history/BbiWYrgmFUrxGVaA5yXakC","F"
"QTVXD5s1ybzX2gBf2G95Mu","https://gosqas.org/record/QTVXD5s1ybzX2gBf2G95Mu","DMDM TQ1 lot 3","9RYmhyEwYZwL5vyUNWPA2Q","DMDM TQ1 lot 3 #497","Xmqh8i357iaaMKZNgyoozx","https://gosqas.org/history/Xmqh8i357iaaMKZNgyoozx","F"
"QTVXD5s1ybzX2gBf2G95Mu","https://gosqas.org/record/QTVXD5s1ybzX2gBf2G95Mu","DMDM TQ1 lot 3","9RYmhyEwYZwL5vyUNWPA2Q","DMDM TQ1 lot 3 #498","3P6nSvSdVh4kMqEBrPUvjY","https://gosqas.org/history/3P6nSvSdVh4kMqEBrPUvjY","F"
"QTVXD5s1ybzX2gBf2G95Mu","https://gosqas.org/record/QTVXD5s1ybzX2gBf2G95Mu","DMDM TQ1 lot 3","9RYmhyEwYZwL5vyUNWPA2Q","DMDM TQ1 lot 3 #499","8aHKDL3Nf32iWti8aLNEGK","https://gosqas.org/history/8aHKDL3Nf32iWti8aLNEGK","F"
"QTVXD5s1ybzX2gBf2G95Mu","https://gosqas.org/record/QTVXD5s1ybzX2gBf2G95Mu","DMDM TQ1 lot 3","9RYmhyEwYZwL5vyUNWPA2Q","DMDM TQ1 lot 3 #500","3kgfDDaS58JoTC1kBPauUQ","https://gosqas.org/history/3kgfDDaS58JoTC1kBPauUQ","F"